"sigma","b1","b2","b3","b4","b5","b6","theta","alpha","D1","D2","L1","L2","wL1","wL2","c1","c2","rho1","wD","q","Dc1","Dc2","S_0","I1_0","I2_0","R1_0","R2_0","Rc1_0","Rc2_0","J1_0","J2_0","R_0","phi","rho","rhoS","slice","loglik"
0.0970909669759225,4.63256018195266,3.26824638033104,2.68648016415936,3.2742848992496,3.849074891371,4.54580457166931,1.75897935577928,0.870334395491481,0.0753683574514201,0.0717164143137436,48.1463277847231,32.556161982428,2.76460055124353,3.64552079466344,0,1,0.892270679503933,0.503281888485199,0.0947572813430642,8.68029322235804,0.606139869385763,0.265092183587709,7.4804778123432e-08,6.79159290183498e-08,0.071536002148659,0.225803761745113,0.142118008795725,0.147051634906108,5.31472583375431e-08,9.54772387280961e-08,0.104579882170099,0.303995371315405,0.546651333712691,0.35431728307001,"c1",-2166.03704801965
0.0970909669759225,4.63256018195266,3.26824638033104,2.68648016415936,3.2742848992496,3.849074891371,4.54580457166931,1.75897935577928,0.870334395491481,0.0753683574514201,0.0717164143137436,48.1463277847231,32.556161982428,2.76460055124353,3.64552079466344,0,1,0.892270679503933,0.503281888485199,0.0947572813430642,8.68029322235804,0.606139869385763,0.265092183587709,7.4804778123432e-08,6.79159290183498e-08,0.071536002148659,0.225803761745113,0.142118008795725,0.147051634906108,5.31472583375431e-08,9.54772387280961e-08,0.104579882170099,0.303995371315405,0.546651333712691,0.35431728307001,"c1",-2165.61340089292
0.0970909669759225,4.63256018195266,3.26824638033104,2.68648016415936,3.2742848992496,3.849074891371,4.54580457166931,1.75897935577928,0.870334395491481,0.0753683574514201,0.0717164143137436,48.1463277847231,32.556161982428,2.76460055124353,3.64552079466344,0,1,0.892270679503933,0.503281888485199,0.0947572813430642,8.68029322235804,0.606139869385763,0.265092183587709,7.4804778123432e-08,6.79159290183498e-08,0.071536002148659,0.225803761745113,0.142118008795725,0.147051634906108,5.31472583375431e-08,9.54772387280961e-08,0.104579882170099,0.303995371315405,0.546651333712691,0.35431728307001,"c1",-2164.60311104191
0.0970909669759225,4.63256018195266,3.26824638033104,2.68648016415936,3.2742848992496,3.849074891371,4.54580457166931,1.75897935577928,0.870334395491481,0.0753683574514201,0.0717164143137436,48.1463277847231,32.556161982428,2.76460055124353,3.64552079466344,0.0512820512820513,1,0.892270679503933,0.503281888485199,0.0947572813430642,8.68029322235804,0.606139869385763,0.265092183587709,7.4804778123432e-08,6.79159290183498e-08,0.071536002148659,0.225803761745113,0.142118008795725,0.147051634906108,5.31472583375431e-08,9.54772387280961e-08,0.104579882170099,0.303995371315405,0.546651333712691,0.35431728307001,"c1",-2150.48191328783
0.0970909669759225,4.63256018195266,3.26824638033104,2.68648016415936,3.2742848992496,3.849074891371,4.54580457166931,1.75897935577928,0.870334395491481,0.0753683574514201,0.0717164143137436,48.1463277847231,32.556161982428,2.76460055124353,3.64552079466344,0.0512820512820513,1,0.892270679503933,0.503281888485199,0.0947572813430642,8.68029322235804,0.606139869385763,0.265092183587709,7.4804778123432e-08,6.79159290183498e-08,0.071536002148659,0.225803761745113,0.142118008795725,0.147051634906108,5.31472583375431e-08,9.54772387280961e-08,0.104579882170099,0.303995371315405,0.546651333712691,0.35431728307001,"c1",-2150.01327229499
0.0970909669759225,4.63256018195266,3.26824638033104,2.68648016415936,3.2742848992496,3.849074891371,4.54580457166931,1.75897935577928,0.870334395491481,0.0753683574514201,0.0717164143137436,48.1463277847231,32.556161982428,2.76460055124353,3.64552079466344,0.0512820512820513,1,0.892270679503933,0.503281888485199,0.0947572813430642,8.68029322235804,0.606139869385763,0.265092183587709,7.4804778123432e-08,6.79159290183498e-08,0.071536002148659,0.225803761745113,0.142118008795725,0.147051634906108,5.31472583375431e-08,9.54772387280961e-08,0.104579882170099,0.303995371315405,0.546651333712691,0.35431728307001,"c1",-2150.29472124849
0.0970909669759225,4.63256018195266,3.26824638033104,2.68648016415936,3.2742848992496,3.849074891371,4.54580457166931,1.75897935577928,0.870334395491481,0.0753683574514201,0.0717164143137436,48.1463277847231,32.556161982428,2.76460055124353,3.64552079466344,0.102564102564103,1,0.892270679503933,0.503281888485199,0.0947572813430642,8.68029322235804,0.606139869385763,0.265092183587709,7.4804778123432e-08,6.79159290183498e-08,0.071536002148659,0.225803761745113,0.142118008795725,0.147051634906108,5.31472583375431e-08,9.54772387280961e-08,0.104579882170099,0.303995371315405,0.546651333712691,0.35431728307001,"c1",-2143.06309815156
0.0970909669759225,4.63256018195266,3.26824638033104,2.68648016415936,3.2742848992496,3.849074891371,4.54580457166931,1.75897935577928,0.870334395491481,0.0753683574514201,0.0717164143137436,48.1463277847231,32.556161982428,2.76460055124353,3.64552079466344,0.102564102564103,1,0.892270679503933,0.503281888485199,0.0947572813430642,8.68029322235804,0.606139869385763,0.265092183587709,7.4804778123432e-08,6.79159290183498e-08,0.071536002148659,0.225803761745113,0.142118008795725,0.147051634906108,5.31472583375431e-08,9.54772387280961e-08,0.104579882170099,0.303995371315405,0.546651333712691,0.35431728307001,"c1",-2142.80495859569
0.0970909669759225,4.63256018195266,3.26824638033104,2.68648016415936,3.2742848992496,3.849074891371,4.54580457166931,1.75897935577928,0.870334395491481,0.0753683574514201,0.0717164143137436,48.1463277847231,32.556161982428,2.76460055124353,3.64552079466344,0.102564102564103,1,0.892270679503933,0.503281888485199,0.0947572813430642,8.68029322235804,0.606139869385763,0.265092183587709,7.4804778123432e-08,6.79159290183498e-08,0.071536002148659,0.225803761745113,0.142118008795725,0.147051634906108,5.31472583375431e-08,9.54772387280961e-08,0.104579882170099,0.303995371315405,0.546651333712691,0.35431728307001,"c1",-2141.96793327869
0.0970909669759225,4.63256018195266,3.26824638033104,2.68648016415936,3.2742848992496,3.849074891371,4.54580457166931,1.75897935577928,0.870334395491481,0.0753683574514201,0.0717164143137436,48.1463277847231,32.556161982428,2.76460055124353,3.64552079466344,0.153846153846154,1,0.892270679503933,0.503281888485199,0.0947572813430642,8.68029322235804,0.606139869385763,0.265092183587709,7.4804778123432e-08,6.79159290183498e-08,0.071536002148659,0.225803761745113,0.142118008795725,0.147051634906108,5.31472583375431e-08,9.54772387280961e-08,0.104579882170099,0.303995371315405,0.546651333712691,0.35431728307001,"c1",-2140.0140995725
0.0970909669759225,4.63256018195266,3.26824638033104,2.68648016415936,3.2742848992496,3.849074891371,4.54580457166931,1.75897935577928,0.870334395491481,0.0753683574514201,0.0717164143137436,48.1463277847231,32.556161982428,2.76460055124353,3.64552079466344,0.153846153846154,1,0.892270679503933,0.503281888485199,0.0947572813430642,8.68029322235804,0.606139869385763,0.265092183587709,7.4804778123432e-08,6.79159290183498e-08,0.071536002148659,0.225803761745113,0.142118008795725,0.147051634906108,5.31472583375431e-08,9.54772387280961e-08,0.104579882170099,0.303995371315405,0.546651333712691,0.35431728307001,"c1",-2140.24752364336
0.0970909669759225,4.63256018195266,3.26824638033104,2.68648016415936,3.2742848992496,3.849074891371,4.54580457166931,1.75897935577928,0.870334395491481,0.0753683574514201,0.0717164143137436,48.1463277847231,32.556161982428,2.76460055124353,3.64552079466344,0.153846153846154,1,0.892270679503933,0.503281888485199,0.0947572813430642,8.68029322235804,0.606139869385763,0.265092183587709,7.4804778123432e-08,6.79159290183498e-08,0.071536002148659,0.225803761745113,0.142118008795725,0.147051634906108,5.31472583375431e-08,9.54772387280961e-08,0.104579882170099,0.303995371315405,0.546651333712691,0.35431728307001,"c1",-2140.16625662831
0.0970909669759225,4.63256018195266,3.26824638033104,2.68648016415936,3.2742848992496,3.849074891371,4.54580457166931,1.75897935577928,0.870334395491481,0.0753683574514201,0.0717164143137436,48.1463277847231,32.556161982428,2.76460055124353,3.64552079466344,0.205128205128205,1,0.892270679503933,0.503281888485199,0.0947572813430642,8.68029322235804,0.606139869385763,0.265092183587709,7.4804778123432e-08,6.79159290183498e-08,0.071536002148659,0.225803761745113,0.142118008795725,0.147051634906108,5.31472583375431e-08,9.54772387280961e-08,0.104579882170099,0.303995371315405,0.546651333712691,0.35431728307001,"c1",-2138.53202480475
0.0970909669759225,4.63256018195266,3.26824638033104,2.68648016415936,3.2742848992496,3.849074891371,4.54580457166931,1.75897935577928,0.870334395491481,0.0753683574514201,0.0717164143137436,48.1463277847231,32.556161982428,2.76460055124353,3.64552079466344,0.205128205128205,1,0.892270679503933,0.503281888485199,0.0947572813430642,8.68029322235804,0.606139869385763,0.265092183587709,7.4804778123432e-08,6.79159290183498e-08,0.071536002148659,0.225803761745113,0.142118008795725,0.147051634906108,5.31472583375431e-08,9.54772387280961e-08,0.104579882170099,0.303995371315405,0.546651333712691,0.35431728307001,"c1",-2139.06933336194
0.0970909669759225,4.63256018195266,3.26824638033104,2.68648016415936,3.2742848992496,3.849074891371,4.54580457166931,1.75897935577928,0.870334395491481,0.0753683574514201,0.0717164143137436,48.1463277847231,32.556161982428,2.76460055124353,3.64552079466344,0.205128205128205,1,0.892270679503933,0.503281888485199,0.0947572813430642,8.68029322235804,0.606139869385763,0.265092183587709,7.4804778123432e-08,6.79159290183498e-08,0.071536002148659,0.225803761745113,0.142118008795725,0.147051634906108,5.31472583375431e-08,9.54772387280961e-08,0.104579882170099,0.303995371315405,0.546651333712691,0.35431728307001,"c1",-2139.61370981758
0.0970909669759225,4.63256018195266,3.26824638033104,2.68648016415936,3.2742848992496,3.849074891371,4.54580457166931,1.75897935577928,0.870334395491481,0.0753683574514201,0.0717164143137436,48.1463277847231,32.556161982428,2.76460055124353,3.64552079466344,0.256410256410256,1,0.892270679503933,0.503281888485199,0.0947572813430642,8.68029322235804,0.606139869385763,0.265092183587709,7.4804778123432e-08,6.79159290183498e-08,0.071536002148659,0.225803761745113,0.142118008795725,0.147051634906108,5.31472583375431e-08,9.54772387280961e-08,0.104579882170099,0.303995371315405,0.546651333712691,0.35431728307001,"c1",-2141.19947536143
0.0970909669759225,4.63256018195266,3.26824638033104,2.68648016415936,3.2742848992496,3.849074891371,4.54580457166931,1.75897935577928,0.870334395491481,0.0753683574514201,0.0717164143137436,48.1463277847231,32.556161982428,2.76460055124353,3.64552079466344,0.256410256410256,1,0.892270679503933,0.503281888485199,0.0947572813430642,8.68029322235804,0.606139869385763,0.265092183587709,7.4804778123432e-08,6.79159290183498e-08,0.071536002148659,0.225803761745113,0.142118008795725,0.147051634906108,5.31472583375431e-08,9.54772387280961e-08,0.104579882170099,0.303995371315405,0.546651333712691,0.35431728307001,"c1",-2140.50720743158
0.0970909669759225,4.63256018195266,3.26824638033104,2.68648016415936,3.2742848992496,3.849074891371,4.54580457166931,1.75897935577928,0.870334395491481,0.0753683574514201,0.0717164143137436,48.1463277847231,32.556161982428,2.76460055124353,3.64552079466344,0.256410256410256,1,0.892270679503933,0.503281888485199,0.0947572813430642,8.68029322235804,0.606139869385763,0.265092183587709,7.4804778123432e-08,6.79159290183498e-08,0.071536002148659,0.225803761745113,0.142118008795725,0.147051634906108,5.31472583375431e-08,9.54772387280961e-08,0.104579882170099,0.303995371315405,0.546651333712691,0.35431728307001,"c1",-2140.29609857297
0.0970909669759225,4.63256018195266,3.26824638033104,2.68648016415936,3.2742848992496,3.849074891371,4.54580457166931,1.75897935577928,0.870334395491481,0.0753683574514201,0.0717164143137436,48.1463277847231,32.556161982428,2.76460055124353,3.64552079466344,0.307692307692308,1,0.892270679503933,0.503281888485199,0.0947572813430642,8.68029322235804,0.606139869385763,0.265092183587709,7.4804778123432e-08,6.79159290183498e-08,0.071536002148659,0.225803761745113,0.142118008795725,0.147051634906108,5.31472583375431e-08,9.54772387280961e-08,0.104579882170099,0.303995371315405,0.546651333712691,0.35431728307001,"c1",-2142.44990088289
0.0970909669759225,4.63256018195266,3.26824638033104,2.68648016415936,3.2742848992496,3.849074891371,4.54580457166931,1.75897935577928,0.870334395491481,0.0753683574514201,0.0717164143137436,48.1463277847231,32.556161982428,2.76460055124353,3.64552079466344,0.307692307692308,1,0.892270679503933,0.503281888485199,0.0947572813430642,8.68029322235804,0.606139869385763,0.265092183587709,7.4804778123432e-08,6.79159290183498e-08,0.071536002148659,0.225803761745113,0.142118008795725,0.147051634906108,5.31472583375431e-08,9.54772387280961e-08,0.104579882170099,0.303995371315405,0.546651333712691,0.35431728307001,"c1",-2142.56096991786
0.0970909669759225,4.63256018195266,3.26824638033104,2.68648016415936,3.2742848992496,3.849074891371,4.54580457166931,1.75897935577928,0.870334395491481,0.0753683574514201,0.0717164143137436,48.1463277847231,32.556161982428,2.76460055124353,3.64552079466344,0.307692307692308,1,0.892270679503933,0.503281888485199,0.0947572813430642,8.68029322235804,0.606139869385763,0.265092183587709,7.4804778123432e-08,6.79159290183498e-08,0.071536002148659,0.225803761745113,0.142118008795725,0.147051634906108,5.31472583375431e-08,9.54772387280961e-08,0.104579882170099,0.303995371315405,0.546651333712691,0.35431728307001,"c1",-2142.24967550745
0.0970909669759225,4.63256018195266,3.26824638033104,2.68648016415936,3.2742848992496,3.849074891371,4.54580457166931,1.75897935577928,0.870334395491481,0.0753683574514201,0.0717164143137436,48.1463277847231,32.556161982428,2.76460055124353,3.64552079466344,0.358974358974359,1,0.892270679503933,0.503281888485199,0.0947572813430642,8.68029322235804,0.606139869385763,0.265092183587709,7.4804778123432e-08,6.79159290183498e-08,0.071536002148659,0.225803761745113,0.142118008795725,0.147051634906108,5.31472583375431e-08,9.54772387280961e-08,0.104579882170099,0.303995371315405,0.546651333712691,0.35431728307001,"c1",-2145.91591777149
0.0970909669759225,4.63256018195266,3.26824638033104,2.68648016415936,3.2742848992496,3.849074891371,4.54580457166931,1.75897935577928,0.870334395491481,0.0753683574514201,0.0717164143137436,48.1463277847231,32.556161982428,2.76460055124353,3.64552079466344,0.358974358974359,1,0.892270679503933,0.503281888485199,0.0947572813430642,8.68029322235804,0.606139869385763,0.265092183587709,7.4804778123432e-08,6.79159290183498e-08,0.071536002148659,0.225803761745113,0.142118008795725,0.147051634906108,5.31472583375431e-08,9.54772387280961e-08,0.104579882170099,0.303995371315405,0.546651333712691,0.35431728307001,"c1",-2145.08869787279
0.0970909669759225,4.63256018195266,3.26824638033104,2.68648016415936,3.2742848992496,3.849074891371,4.54580457166931,1.75897935577928,0.870334395491481,0.0753683574514201,0.0717164143137436,48.1463277847231,32.556161982428,2.76460055124353,3.64552079466344,0.358974358974359,1,0.892270679503933,0.503281888485199,0.0947572813430642,8.68029322235804,0.606139869385763,0.265092183587709,7.4804778123432e-08,6.79159290183498e-08,0.071536002148659,0.225803761745113,0.142118008795725,0.147051634906108,5.31472583375431e-08,9.54772387280961e-08,0.104579882170099,0.303995371315405,0.546651333712691,0.35431728307001,"c1",-2146.46877571569
0.0970909669759225,4.63256018195266,3.26824638033104,2.68648016415936,3.2742848992496,3.849074891371,4.54580457166931,1.75897935577928,0.870334395491481,0.0753683574514201,0.0717164143137436,48.1463277847231,32.556161982428,2.76460055124353,3.64552079466344,0.41025641025641,1,0.892270679503933,0.503281888485199,0.0947572813430642,8.68029322235804,0.606139869385763,0.265092183587709,7.4804778123432e-08,6.79159290183498e-08,0.071536002148659,0.225803761745113,0.142118008795725,0.147051634906108,5.31472583375431e-08,9.54772387280961e-08,0.104579882170099,0.303995371315405,0.546651333712691,0.35431728307001,"c1",-2149.485125579
0.0970909669759225,4.63256018195266,3.26824638033104,2.68648016415936,3.2742848992496,3.849074891371,4.54580457166931,1.75897935577928,0.870334395491481,0.0753683574514201,0.0717164143137436,48.1463277847231,32.556161982428,2.76460055124353,3.64552079466344,0.41025641025641,1,0.892270679503933,0.503281888485199,0.0947572813430642,8.68029322235804,0.606139869385763,0.265092183587709,7.4804778123432e-08,6.79159290183498e-08,0.071536002148659,0.225803761745113,0.142118008795725,0.147051634906108,5.31472583375431e-08,9.54772387280961e-08,0.104579882170099,0.303995371315405,0.546651333712691,0.35431728307001,"c1",-2150.72185100801
0.0970909669759225,4.63256018195266,3.26824638033104,2.68648016415936,3.2742848992496,3.849074891371,4.54580457166931,1.75897935577928,0.870334395491481,0.0753683574514201,0.0717164143137436,48.1463277847231,32.556161982428,2.76460055124353,3.64552079466344,0.41025641025641,1,0.892270679503933,0.503281888485199,0.0947572813430642,8.68029322235804,0.606139869385763,0.265092183587709,7.4804778123432e-08,6.79159290183498e-08,0.071536002148659,0.225803761745113,0.142118008795725,0.147051634906108,5.31472583375431e-08,9.54772387280961e-08,0.104579882170099,0.303995371315405,0.546651333712691,0.35431728307001,"c1",-2149.82306963156
0.0970909669759225,4.63256018195266,3.26824638033104,2.68648016415936,3.2742848992496,3.849074891371,4.54580457166931,1.75897935577928,0.870334395491481,0.0753683574514201,0.0717164143137436,48.1463277847231,32.556161982428,2.76460055124353,3.64552079466344,0.461538461538462,1,0.892270679503933,0.503281888485199,0.0947572813430642,8.68029322235804,0.606139869385763,0.265092183587709,7.4804778123432e-08,6.79159290183498e-08,0.071536002148659,0.225803761745113,0.142118008795725,0.147051634906108,5.31472583375431e-08,9.54772387280961e-08,0.104579882170099,0.303995371315405,0.546651333712691,0.35431728307001,"c1",-2152.85347681086
0.0970909669759225,4.63256018195266,3.26824638033104,2.68648016415936,3.2742848992496,3.849074891371,4.54580457166931,1.75897935577928,0.870334395491481,0.0753683574514201,0.0717164143137436,48.1463277847231,32.556161982428,2.76460055124353,3.64552079466344,0.461538461538462,1,0.892270679503933,0.503281888485199,0.0947572813430642,8.68029322235804,0.606139869385763,0.265092183587709,7.4804778123432e-08,6.79159290183498e-08,0.071536002148659,0.225803761745113,0.142118008795725,0.147051634906108,5.31472583375431e-08,9.54772387280961e-08,0.104579882170099,0.303995371315405,0.546651333712691,0.35431728307001,"c1",-2154.3836947291
0.0970909669759225,4.63256018195266,3.26824638033104,2.68648016415936,3.2742848992496,3.849074891371,4.54580457166931,1.75897935577928,0.870334395491481,0.0753683574514201,0.0717164143137436,48.1463277847231,32.556161982428,2.76460055124353,3.64552079466344,0.461538461538462,1,0.892270679503933,0.503281888485199,0.0947572813430642,8.68029322235804,0.606139869385763,0.265092183587709,7.4804778123432e-08,6.79159290183498e-08,0.071536002148659,0.225803761745113,0.142118008795725,0.147051634906108,5.31472583375431e-08,9.54772387280961e-08,0.104579882170099,0.303995371315405,0.546651333712691,0.35431728307001,"c1",-2154.48783900002
0.0970909669759225,4.63256018195266,3.26824638033104,2.68648016415936,3.2742848992496,3.849074891371,4.54580457166931,1.75897935577928,0.870334395491481,0.0753683574514201,0.0717164143137436,48.1463277847231,32.556161982428,2.76460055124353,3.64552079466344,0.512820512820513,1,0.892270679503933,0.503281888485199,0.0947572813430642,8.68029322235804,0.606139869385763,0.265092183587709,7.4804778123432e-08,6.79159290183498e-08,0.071536002148659,0.225803761745113,0.142118008795725,0.147051634906108,5.31472583375431e-08,9.54772387280961e-08,0.104579882170099,0.303995371315405,0.546651333712691,0.35431728307001,"c1",-2158.87528768686
0.0970909669759225,4.63256018195266,3.26824638033104,2.68648016415936,3.2742848992496,3.849074891371,4.54580457166931,1.75897935577928,0.870334395491481,0.0753683574514201,0.0717164143137436,48.1463277847231,32.556161982428,2.76460055124353,3.64552079466344,0.512820512820513,1,0.892270679503933,0.503281888485199,0.0947572813430642,8.68029322235804,0.606139869385763,0.265092183587709,7.4804778123432e-08,6.79159290183498e-08,0.071536002148659,0.225803761745113,0.142118008795725,0.147051634906108,5.31472583375431e-08,9.54772387280961e-08,0.104579882170099,0.303995371315405,0.546651333712691,0.35431728307001,"c1",-2157.90064094849
0.0970909669759225,4.63256018195266,3.26824638033104,2.68648016415936,3.2742848992496,3.849074891371,4.54580457166931,1.75897935577928,0.870334395491481,0.0753683574514201,0.0717164143137436,48.1463277847231,32.556161982428,2.76460055124353,3.64552079466344,0.512820512820513,1,0.892270679503933,0.503281888485199,0.0947572813430642,8.68029322235804,0.606139869385763,0.265092183587709,7.4804778123432e-08,6.79159290183498e-08,0.071536002148659,0.225803761745113,0.142118008795725,0.147051634906108,5.31472583375431e-08,9.54772387280961e-08,0.104579882170099,0.303995371315405,0.546651333712691,0.35431728307001,"c1",-2157.8136720868
0.0970909669759225,4.63256018195266,3.26824638033104,2.68648016415936,3.2742848992496,3.849074891371,4.54580457166931,1.75897935577928,0.870334395491481,0.0753683574514201,0.0717164143137436,48.1463277847231,32.556161982428,2.76460055124353,3.64552079466344,0.564102564102564,1,0.892270679503933,0.503281888485199,0.0947572813430642,8.68029322235804,0.606139869385763,0.265092183587709,7.4804778123432e-08,6.79159290183498e-08,0.071536002148659,0.225803761745113,0.142118008795725,0.147051634906108,5.31472583375431e-08,9.54772387280961e-08,0.104579882170099,0.303995371315405,0.546651333712691,0.35431728307001,"c1",-2162.26474516473
0.0970909669759225,4.63256018195266,3.26824638033104,2.68648016415936,3.2742848992496,3.849074891371,4.54580457166931,1.75897935577928,0.870334395491481,0.0753683574514201,0.0717164143137436,48.1463277847231,32.556161982428,2.76460055124353,3.64552079466344,0.564102564102564,1,0.892270679503933,0.503281888485199,0.0947572813430642,8.68029322235804,0.606139869385763,0.265092183587709,7.4804778123432e-08,6.79159290183498e-08,0.071536002148659,0.225803761745113,0.142118008795725,0.147051634906108,5.31472583375431e-08,9.54772387280961e-08,0.104579882170099,0.303995371315405,0.546651333712691,0.35431728307001,"c1",-2164.01584505172
0.0970909669759225,4.63256018195266,3.26824638033104,2.68648016415936,3.2742848992496,3.849074891371,4.54580457166931,1.75897935577928,0.870334395491481,0.0753683574514201,0.0717164143137436,48.1463277847231,32.556161982428,2.76460055124353,3.64552079466344,0.564102564102564,1,0.892270679503933,0.503281888485199,0.0947572813430642,8.68029322235804,0.606139869385763,0.265092183587709,7.4804778123432e-08,6.79159290183498e-08,0.071536002148659,0.225803761745113,0.142118008795725,0.147051634906108,5.31472583375431e-08,9.54772387280961e-08,0.104579882170099,0.303995371315405,0.546651333712691,0.35431728307001,"c1",-2163.54994522457
0.0970909669759225,4.63256018195266,3.26824638033104,2.68648016415936,3.2742848992496,3.849074891371,4.54580457166931,1.75897935577928,0.870334395491481,0.0753683574514201,0.0717164143137436,48.1463277847231,32.556161982428,2.76460055124353,3.64552079466344,0.615384615384615,1,0.892270679503933,0.503281888485199,0.0947572813430642,8.68029322235804,0.606139869385763,0.265092183587709,7.4804778123432e-08,6.79159290183498e-08,0.071536002148659,0.225803761745113,0.142118008795725,0.147051634906108,5.31472583375431e-08,9.54772387280961e-08,0.104579882170099,0.303995371315405,0.546651333712691,0.35431728307001,"c1",-2168.58803650105
0.0970909669759225,4.63256018195266,3.26824638033104,2.68648016415936,3.2742848992496,3.849074891371,4.54580457166931,1.75897935577928,0.870334395491481,0.0753683574514201,0.0717164143137436,48.1463277847231,32.556161982428,2.76460055124353,3.64552079466344,0.615384615384615,1,0.892270679503933,0.503281888485199,0.0947572813430642,8.68029322235804,0.606139869385763,0.265092183587709,7.4804778123432e-08,6.79159290183498e-08,0.071536002148659,0.225803761745113,0.142118008795725,0.147051634906108,5.31472583375431e-08,9.54772387280961e-08,0.104579882170099,0.303995371315405,0.546651333712691,0.35431728307001,"c1",-2168.8433831505
0.0970909669759225,4.63256018195266,3.26824638033104,2.68648016415936,3.2742848992496,3.849074891371,4.54580457166931,1.75897935577928,0.870334395491481,0.0753683574514201,0.0717164143137436,48.1463277847231,32.556161982428,2.76460055124353,3.64552079466344,0.615384615384615,1,0.892270679503933,0.503281888485199,0.0947572813430642,8.68029322235804,0.606139869385763,0.265092183587709,7.4804778123432e-08,6.79159290183498e-08,0.071536002148659,0.225803761745113,0.142118008795725,0.147051634906108,5.31472583375431e-08,9.54772387280961e-08,0.104579882170099,0.303995371315405,0.546651333712691,0.35431728307001,"c1",-2168.39645766069
0.0970909669759225,4.63256018195266,3.26824638033104,2.68648016415936,3.2742848992496,3.849074891371,4.54580457166931,1.75897935577928,0.870334395491481,0.0753683574514201,0.0717164143137436,48.1463277847231,32.556161982428,2.76460055124353,3.64552079466344,0.666666666666667,1,0.892270679503933,0.503281888485199,0.0947572813430642,8.68029322235804,0.606139869385763,0.265092183587709,7.4804778123432e-08,6.79159290183498e-08,0.071536002148659,0.225803761745113,0.142118008795725,0.147051634906108,5.31472583375431e-08,9.54772387280961e-08,0.104579882170099,0.303995371315405,0.546651333712691,0.35431728307001,"c1",-2174.07774052728
0.0970909669759225,4.63256018195266,3.26824638033104,2.68648016415936,3.2742848992496,3.849074891371,4.54580457166931,1.75897935577928,0.870334395491481,0.0753683574514201,0.0717164143137436,48.1463277847231,32.556161982428,2.76460055124353,3.64552079466344,0.666666666666667,1,0.892270679503933,0.503281888485199,0.0947572813430642,8.68029322235804,0.606139869385763,0.265092183587709,7.4804778123432e-08,6.79159290183498e-08,0.071536002148659,0.225803761745113,0.142118008795725,0.147051634906108,5.31472583375431e-08,9.54772387280961e-08,0.104579882170099,0.303995371315405,0.546651333712691,0.35431728307001,"c1",-2173.44807505804
0.0970909669759225,4.63256018195266,3.26824638033104,2.68648016415936,3.2742848992496,3.849074891371,4.54580457166931,1.75897935577928,0.870334395491481,0.0753683574514201,0.0717164143137436,48.1463277847231,32.556161982428,2.76460055124353,3.64552079466344,0.666666666666667,1,0.892270679503933,0.503281888485199,0.0947572813430642,8.68029322235804,0.606139869385763,0.265092183587709,7.4804778123432e-08,6.79159290183498e-08,0.071536002148659,0.225803761745113,0.142118008795725,0.147051634906108,5.31472583375431e-08,9.54772387280961e-08,0.104579882170099,0.303995371315405,0.546651333712691,0.35431728307001,"c1",-2174.05054907303
0.0970909669759225,4.63256018195266,3.26824638033104,2.68648016415936,3.2742848992496,3.849074891371,4.54580457166931,1.75897935577928,0.870334395491481,0.0753683574514201,0.0717164143137436,48.1463277847231,32.556161982428,2.76460055124353,3.64552079466344,0.717948717948718,1,0.892270679503933,0.503281888485199,0.0947572813430642,8.68029322235804,0.606139869385763,0.265092183587709,7.4804778123432e-08,6.79159290183498e-08,0.071536002148659,0.225803761745113,0.142118008795725,0.147051634906108,5.31472583375431e-08,9.54772387280961e-08,0.104579882170099,0.303995371315405,0.546651333712691,0.35431728307001,"c1",-2178.64909975514
0.0970909669759225,4.63256018195266,3.26824638033104,2.68648016415936,3.2742848992496,3.849074891371,4.54580457166931,1.75897935577928,0.870334395491481,0.0753683574514201,0.0717164143137436,48.1463277847231,32.556161982428,2.76460055124353,3.64552079466344,0.717948717948718,1,0.892270679503933,0.503281888485199,0.0947572813430642,8.68029322235804,0.606139869385763,0.265092183587709,7.4804778123432e-08,6.79159290183498e-08,0.071536002148659,0.225803761745113,0.142118008795725,0.147051634906108,5.31472583375431e-08,9.54772387280961e-08,0.104579882170099,0.303995371315405,0.546651333712691,0.35431728307001,"c1",-2178.60907630456
0.0970909669759225,4.63256018195266,3.26824638033104,2.68648016415936,3.2742848992496,3.849074891371,4.54580457166931,1.75897935577928,0.870334395491481,0.0753683574514201,0.0717164143137436,48.1463277847231,32.556161982428,2.76460055124353,3.64552079466344,0.717948717948718,1,0.892270679503933,0.503281888485199,0.0947572813430642,8.68029322235804,0.606139869385763,0.265092183587709,7.4804778123432e-08,6.79159290183498e-08,0.071536002148659,0.225803761745113,0.142118008795725,0.147051634906108,5.31472583375431e-08,9.54772387280961e-08,0.104579882170099,0.303995371315405,0.546651333712691,0.35431728307001,"c1",-2179.08588368977
0.0970909669759225,4.63256018195266,3.26824638033104,2.68648016415936,3.2742848992496,3.849074891371,4.54580457166931,1.75897935577928,0.870334395491481,0.0753683574514201,0.0717164143137436,48.1463277847231,32.556161982428,2.76460055124353,3.64552079466344,0.769230769230769,1,0.892270679503933,0.503281888485199,0.0947572813430642,8.68029322235804,0.606139869385763,0.265092183587709,7.4804778123432e-08,6.79159290183498e-08,0.071536002148659,0.225803761745113,0.142118008795725,0.147051634906108,5.31472583375431e-08,9.54772387280961e-08,0.104579882170099,0.303995371315405,0.546651333712691,0.35431728307001,"c1",-2183.69207187224
0.0970909669759225,4.63256018195266,3.26824638033104,2.68648016415936,3.2742848992496,3.849074891371,4.54580457166931,1.75897935577928,0.870334395491481,0.0753683574514201,0.0717164143137436,48.1463277847231,32.556161982428,2.76460055124353,3.64552079466344,0.769230769230769,1,0.892270679503933,0.503281888485199,0.0947572813430642,8.68029322235804,0.606139869385763,0.265092183587709,7.4804778123432e-08,6.79159290183498e-08,0.071536002148659,0.225803761745113,0.142118008795725,0.147051634906108,5.31472583375431e-08,9.54772387280961e-08,0.104579882170099,0.303995371315405,0.546651333712691,0.35431728307001,"c1",-2183.87341776729
0.0970909669759225,4.63256018195266,3.26824638033104,2.68648016415936,3.2742848992496,3.849074891371,4.54580457166931,1.75897935577928,0.870334395491481,0.0753683574514201,0.0717164143137436,48.1463277847231,32.556161982428,2.76460055124353,3.64552079466344,0.769230769230769,1,0.892270679503933,0.503281888485199,0.0947572813430642,8.68029322235804,0.606139869385763,0.265092183587709,7.4804778123432e-08,6.79159290183498e-08,0.071536002148659,0.225803761745113,0.142118008795725,0.147051634906108,5.31472583375431e-08,9.54772387280961e-08,0.104579882170099,0.303995371315405,0.546651333712691,0.35431728307001,"c1",-2183.4354919732
0.0970909669759225,4.63256018195266,3.26824638033104,2.68648016415936,3.2742848992496,3.849074891371,4.54580457166931,1.75897935577928,0.870334395491481,0.0753683574514201,0.0717164143137436,48.1463277847231,32.556161982428,2.76460055124353,3.64552079466344,0.82051282051282,1,0.892270679503933,0.503281888485199,0.0947572813430642,8.68029322235804,0.606139869385763,0.265092183587709,7.4804778123432e-08,6.79159290183498e-08,0.071536002148659,0.225803761745113,0.142118008795725,0.147051634906108,5.31472583375431e-08,9.54772387280961e-08,0.104579882170099,0.303995371315405,0.546651333712691,0.35431728307001,"c1",-2188.5719836645
0.0970909669759225,4.63256018195266,3.26824638033104,2.68648016415936,3.2742848992496,3.849074891371,4.54580457166931,1.75897935577928,0.870334395491481,0.0753683574514201,0.0717164143137436,48.1463277847231,32.556161982428,2.76460055124353,3.64552079466344,0.82051282051282,1,0.892270679503933,0.503281888485199,0.0947572813430642,8.68029322235804,0.606139869385763,0.265092183587709,7.4804778123432e-08,6.79159290183498e-08,0.071536002148659,0.225803761745113,0.142118008795725,0.147051634906108,5.31472583375431e-08,9.54772387280961e-08,0.104579882170099,0.303995371315405,0.546651333712691,0.35431728307001,"c1",-2187.68060339022
0.0970909669759225,4.63256018195266,3.26824638033104,2.68648016415936,3.2742848992496,3.849074891371,4.54580457166931,1.75897935577928,0.870334395491481,0.0753683574514201,0.0717164143137436,48.1463277847231,32.556161982428,2.76460055124353,3.64552079466344,0.82051282051282,1,0.892270679503933,0.503281888485199,0.0947572813430642,8.68029322235804,0.606139869385763,0.265092183587709,7.4804778123432e-08,6.79159290183498e-08,0.071536002148659,0.225803761745113,0.142118008795725,0.147051634906108,5.31472583375431e-08,9.54772387280961e-08,0.104579882170099,0.303995371315405,0.546651333712691,0.35431728307001,"c1",-2188.32445687753
0.0970909669759225,4.63256018195266,3.26824638033104,2.68648016415936,3.2742848992496,3.849074891371,4.54580457166931,1.75897935577928,0.870334395491481,0.0753683574514201,0.0717164143137436,48.1463277847231,32.556161982428,2.76460055124353,3.64552079466344,0.871794871794872,1,0.892270679503933,0.503281888485199,0.0947572813430642,8.68029322235804,0.606139869385763,0.265092183587709,7.4804778123432e-08,6.79159290183498e-08,0.071536002148659,0.225803761745113,0.142118008795725,0.147051634906108,5.31472583375431e-08,9.54772387280961e-08,0.104579882170099,0.303995371315405,0.546651333712691,0.35431728307001,"c1",-2192.15465035314
0.0970909669759225,4.63256018195266,3.26824638033104,2.68648016415936,3.2742848992496,3.849074891371,4.54580457166931,1.75897935577928,0.870334395491481,0.0753683574514201,0.0717164143137436,48.1463277847231,32.556161982428,2.76460055124353,3.64552079466344,0.871794871794872,1,0.892270679503933,0.503281888485199,0.0947572813430642,8.68029322235804,0.606139869385763,0.265092183587709,7.4804778123432e-08,6.79159290183498e-08,0.071536002148659,0.225803761745113,0.142118008795725,0.147051634906108,5.31472583375431e-08,9.54772387280961e-08,0.104579882170099,0.303995371315405,0.546651333712691,0.35431728307001,"c1",-2192.10423505514
0.0970909669759225,4.63256018195266,3.26824638033104,2.68648016415936,3.2742848992496,3.849074891371,4.54580457166931,1.75897935577928,0.870334395491481,0.0753683574514201,0.0717164143137436,48.1463277847231,32.556161982428,2.76460055124353,3.64552079466344,0.871794871794872,1,0.892270679503933,0.503281888485199,0.0947572813430642,8.68029322235804,0.606139869385763,0.265092183587709,7.4804778123432e-08,6.79159290183498e-08,0.071536002148659,0.225803761745113,0.142118008795725,0.147051634906108,5.31472583375431e-08,9.54772387280961e-08,0.104579882170099,0.303995371315405,0.546651333712691,0.35431728307001,"c1",-2192.15977010308
0.0970909669759225,4.63256018195266,3.26824638033104,2.68648016415936,3.2742848992496,3.849074891371,4.54580457166931,1.75897935577928,0.870334395491481,0.0753683574514201,0.0717164143137436,48.1463277847231,32.556161982428,2.76460055124353,3.64552079466344,0.923076923076923,1,0.892270679503933,0.503281888485199,0.0947572813430642,8.68029322235804,0.606139869385763,0.265092183587709,7.4804778123432e-08,6.79159290183498e-08,0.071536002148659,0.225803761745113,0.142118008795725,0.147051634906108,5.31472583375431e-08,9.54772387280961e-08,0.104579882170099,0.303995371315405,0.546651333712691,0.35431728307001,"c1",-2195.54342369579
0.0970909669759225,4.63256018195266,3.26824638033104,2.68648016415936,3.2742848992496,3.849074891371,4.54580457166931,1.75897935577928,0.870334395491481,0.0753683574514201,0.0717164143137436,48.1463277847231,32.556161982428,2.76460055124353,3.64552079466344,0.923076923076923,1,0.892270679503933,0.503281888485199,0.0947572813430642,8.68029322235804,0.606139869385763,0.265092183587709,7.4804778123432e-08,6.79159290183498e-08,0.071536002148659,0.225803761745113,0.142118008795725,0.147051634906108,5.31472583375431e-08,9.54772387280961e-08,0.104579882170099,0.303995371315405,0.546651333712691,0.35431728307001,"c1",-2196.48349230914
0.0970909669759225,4.63256018195266,3.26824638033104,2.68648016415936,3.2742848992496,3.849074891371,4.54580457166931,1.75897935577928,0.870334395491481,0.0753683574514201,0.0717164143137436,48.1463277847231,32.556161982428,2.76460055124353,3.64552079466344,0.923076923076923,1,0.892270679503933,0.503281888485199,0.0947572813430642,8.68029322235804,0.606139869385763,0.265092183587709,7.4804778123432e-08,6.79159290183498e-08,0.071536002148659,0.225803761745113,0.142118008795725,0.147051634906108,5.31472583375431e-08,9.54772387280961e-08,0.104579882170099,0.303995371315405,0.546651333712691,0.35431728307001,"c1",-2195.12293412759
0.0970909669759225,4.63256018195266,3.26824638033104,2.68648016415936,3.2742848992496,3.849074891371,4.54580457166931,1.75897935577928,0.870334395491481,0.0753683574514201,0.0717164143137436,48.1463277847231,32.556161982428,2.76460055124353,3.64552079466344,0.974358974358974,1,0.892270679503933,0.503281888485199,0.0947572813430642,8.68029322235804,0.606139869385763,0.265092183587709,7.4804778123432e-08,6.79159290183498e-08,0.071536002148659,0.225803761745113,0.142118008795725,0.147051634906108,5.31472583375431e-08,9.54772387280961e-08,0.104579882170099,0.303995371315405,0.546651333712691,0.35431728307001,"c1",-2199.04095689354
0.0970909669759225,4.63256018195266,3.26824638033104,2.68648016415936,3.2742848992496,3.849074891371,4.54580457166931,1.75897935577928,0.870334395491481,0.0753683574514201,0.0717164143137436,48.1463277847231,32.556161982428,2.76460055124353,3.64552079466344,0.974358974358974,1,0.892270679503933,0.503281888485199,0.0947572813430642,8.68029322235804,0.606139869385763,0.265092183587709,7.4804778123432e-08,6.79159290183498e-08,0.071536002148659,0.225803761745113,0.142118008795725,0.147051634906108,5.31472583375431e-08,9.54772387280961e-08,0.104579882170099,0.303995371315405,0.546651333712691,0.35431728307001,"c1",-2199.43889840921
0.0970909669759225,4.63256018195266,3.26824638033104,2.68648016415936,3.2742848992496,3.849074891371,4.54580457166931,1.75897935577928,0.870334395491481,0.0753683574514201,0.0717164143137436,48.1463277847231,32.556161982428,2.76460055124353,3.64552079466344,0.974358974358974,1,0.892270679503933,0.503281888485199,0.0947572813430642,8.68029322235804,0.606139869385763,0.265092183587709,7.4804778123432e-08,6.79159290183498e-08,0.071536002148659,0.225803761745113,0.142118008795725,0.147051634906108,5.31472583375431e-08,9.54772387280961e-08,0.104579882170099,0.303995371315405,0.546651333712691,0.35431728307001,"c1",-2199.72932634627
0.0970909669759225,4.63256018195266,3.26824638033104,2.68648016415936,3.2742848992496,3.849074891371,4.54580457166931,1.75897935577928,0.870334395491481,0.0753683574514201,0.0717164143137436,48.1463277847231,32.556161982428,2.76460055124353,3.64552079466344,1.02564102564103,1,0.892270679503933,0.503281888485199,0.0947572813430642,8.68029322235804,0.606139869385763,0.265092183587709,7.4804778123432e-08,6.79159290183498e-08,0.071536002148659,0.225803761745113,0.142118008795725,0.147051634906108,5.31472583375431e-08,9.54772387280961e-08,0.104579882170099,0.303995371315405,0.546651333712691,0.35431728307001,"c1",-2201.92216367491
0.0970909669759225,4.63256018195266,3.26824638033104,2.68648016415936,3.2742848992496,3.849074891371,4.54580457166931,1.75897935577928,0.870334395491481,0.0753683574514201,0.0717164143137436,48.1463277847231,32.556161982428,2.76460055124353,3.64552079466344,1.02564102564103,1,0.892270679503933,0.503281888485199,0.0947572813430642,8.68029322235804,0.606139869385763,0.265092183587709,7.4804778123432e-08,6.79159290183498e-08,0.071536002148659,0.225803761745113,0.142118008795725,0.147051634906108,5.31472583375431e-08,9.54772387280961e-08,0.104579882170099,0.303995371315405,0.546651333712691,0.35431728307001,"c1",-2199.84456208571
0.0970909669759225,4.63256018195266,3.26824638033104,2.68648016415936,3.2742848992496,3.849074891371,4.54580457166931,1.75897935577928,0.870334395491481,0.0753683574514201,0.0717164143137436,48.1463277847231,32.556161982428,2.76460055124353,3.64552079466344,1.02564102564103,1,0.892270679503933,0.503281888485199,0.0947572813430642,8.68029322235804,0.606139869385763,0.265092183587709,7.4804778123432e-08,6.79159290183498e-08,0.071536002148659,0.225803761745113,0.142118008795725,0.147051634906108,5.31472583375431e-08,9.54772387280961e-08,0.104579882170099,0.303995371315405,0.546651333712691,0.35431728307001,"c1",-2203.68230960305
0.0970909669759225,4.63256018195266,3.26824638033104,2.68648016415936,3.2742848992496,3.849074891371,4.54580457166931,1.75897935577928,0.870334395491481,0.0753683574514201,0.0717164143137436,48.1463277847231,32.556161982428,2.76460055124353,3.64552079466344,1.07692307692308,1,0.892270679503933,0.503281888485199,0.0947572813430642,8.68029322235804,0.606139869385763,0.265092183587709,7.4804778123432e-08,6.79159290183498e-08,0.071536002148659,0.225803761745113,0.142118008795725,0.147051634906108,5.31472583375431e-08,9.54772387280961e-08,0.104579882170099,0.303995371315405,0.546651333712691,0.35431728307001,"c1",-2204.93387380071
0.0970909669759225,4.63256018195266,3.26824638033104,2.68648016415936,3.2742848992496,3.849074891371,4.54580457166931,1.75897935577928,0.870334395491481,0.0753683574514201,0.0717164143137436,48.1463277847231,32.556161982428,2.76460055124353,3.64552079466344,1.07692307692308,1,0.892270679503933,0.503281888485199,0.0947572813430642,8.68029322235804,0.606139869385763,0.265092183587709,7.4804778123432e-08,6.79159290183498e-08,0.071536002148659,0.225803761745113,0.142118008795725,0.147051634906108,5.31472583375431e-08,9.54772387280961e-08,0.104579882170099,0.303995371315405,0.546651333712691,0.35431728307001,"c1",-2203.42188616077
0.0970909669759225,4.63256018195266,3.26824638033104,2.68648016415936,3.2742848992496,3.849074891371,4.54580457166931,1.75897935577928,0.870334395491481,0.0753683574514201,0.0717164143137436,48.1463277847231,32.556161982428,2.76460055124353,3.64552079466344,1.07692307692308,1,0.892270679503933,0.503281888485199,0.0947572813430642,8.68029322235804,0.606139869385763,0.265092183587709,7.4804778123432e-08,6.79159290183498e-08,0.071536002148659,0.225803761745113,0.142118008795725,0.147051634906108,5.31472583375431e-08,9.54772387280961e-08,0.104579882170099,0.303995371315405,0.546651333712691,0.35431728307001,"c1",-2203.79815901942
0.0970909669759225,4.63256018195266,3.26824638033104,2.68648016415936,3.2742848992496,3.849074891371,4.54580457166931,1.75897935577928,0.870334395491481,0.0753683574514201,0.0717164143137436,48.1463277847231,32.556161982428,2.76460055124353,3.64552079466344,1.12820512820513,1,0.892270679503933,0.503281888485199,0.0947572813430642,8.68029322235804,0.606139869385763,0.265092183587709,7.4804778123432e-08,6.79159290183498e-08,0.071536002148659,0.225803761745113,0.142118008795725,0.147051634906108,5.31472583375431e-08,9.54772387280961e-08,0.104579882170099,0.303995371315405,0.546651333712691,0.35431728307001,"c1",-2208.05736831631
0.0970909669759225,4.63256018195266,3.26824638033104,2.68648016415936,3.2742848992496,3.849074891371,4.54580457166931,1.75897935577928,0.870334395491481,0.0753683574514201,0.0717164143137436,48.1463277847231,32.556161982428,2.76460055124353,3.64552079466344,1.12820512820513,1,0.892270679503933,0.503281888485199,0.0947572813430642,8.68029322235804,0.606139869385763,0.265092183587709,7.4804778123432e-08,6.79159290183498e-08,0.071536002148659,0.225803761745113,0.142118008795725,0.147051634906108,5.31472583375431e-08,9.54772387280961e-08,0.104579882170099,0.303995371315405,0.546651333712691,0.35431728307001,"c1",-2205.32945587801
0.0970909669759225,4.63256018195266,3.26824638033104,2.68648016415936,3.2742848992496,3.849074891371,4.54580457166931,1.75897935577928,0.870334395491481,0.0753683574514201,0.0717164143137436,48.1463277847231,32.556161982428,2.76460055124353,3.64552079466344,1.12820512820513,1,0.892270679503933,0.503281888485199,0.0947572813430642,8.68029322235804,0.606139869385763,0.265092183587709,7.4804778123432e-08,6.79159290183498e-08,0.071536002148659,0.225803761745113,0.142118008795725,0.147051634906108,5.31472583375431e-08,9.54772387280961e-08,0.104579882170099,0.303995371315405,0.546651333712691,0.35431728307001,"c1",-2207.22390670236
0.0970909669759225,4.63256018195266,3.26824638033104,2.68648016415936,3.2742848992496,3.849074891371,4.54580457166931,1.75897935577928,0.870334395491481,0.0753683574514201,0.0717164143137436,48.1463277847231,32.556161982428,2.76460055124353,3.64552079466344,1.17948717948718,1,0.892270679503933,0.503281888485199,0.0947572813430642,8.68029322235804,0.606139869385763,0.265092183587709,7.4804778123432e-08,6.79159290183498e-08,0.071536002148659,0.225803761745113,0.142118008795725,0.147051634906108,5.31472583375431e-08,9.54772387280961e-08,0.104579882170099,0.303995371315405,0.546651333712691,0.35431728307001,"c1",-2207.13037304609
0.0970909669759225,4.63256018195266,3.26824638033104,2.68648016415936,3.2742848992496,3.849074891371,4.54580457166931,1.75897935577928,0.870334395491481,0.0753683574514201,0.0717164143137436,48.1463277847231,32.556161982428,2.76460055124353,3.64552079466344,1.17948717948718,1,0.892270679503933,0.503281888485199,0.0947572813430642,8.68029322235804,0.606139869385763,0.265092183587709,7.4804778123432e-08,6.79159290183498e-08,0.071536002148659,0.225803761745113,0.142118008795725,0.147051634906108,5.31472583375431e-08,9.54772387280961e-08,0.104579882170099,0.303995371315405,0.546651333712691,0.35431728307001,"c1",-2209.30762501045
0.0970909669759225,4.63256018195266,3.26824638033104,2.68648016415936,3.2742848992496,3.849074891371,4.54580457166931,1.75897935577928,0.870334395491481,0.0753683574514201,0.0717164143137436,48.1463277847231,32.556161982428,2.76460055124353,3.64552079466344,1.17948717948718,1,0.892270679503933,0.503281888485199,0.0947572813430642,8.68029322235804,0.606139869385763,0.265092183587709,7.4804778123432e-08,6.79159290183498e-08,0.071536002148659,0.225803761745113,0.142118008795725,0.147051634906108,5.31472583375431e-08,9.54772387280961e-08,0.104579882170099,0.303995371315405,0.546651333712691,0.35431728307001,"c1",-2209.18223268718
0.0970909669759225,4.63256018195266,3.26824638033104,2.68648016415936,3.2742848992496,3.849074891371,4.54580457166931,1.75897935577928,0.870334395491481,0.0753683574514201,0.0717164143137436,48.1463277847231,32.556161982428,2.76460055124353,3.64552079466344,1.23076923076923,1,0.892270679503933,0.503281888485199,0.0947572813430642,8.68029322235804,0.606139869385763,0.265092183587709,7.4804778123432e-08,6.79159290183498e-08,0.071536002148659,0.225803761745113,0.142118008795725,0.147051634906108,5.31472583375431e-08,9.54772387280961e-08,0.104579882170099,0.303995371315405,0.546651333712691,0.35431728307001,"c1",-2212.25801713719
0.0970909669759225,4.63256018195266,3.26824638033104,2.68648016415936,3.2742848992496,3.849074891371,4.54580457166931,1.75897935577928,0.870334395491481,0.0753683574514201,0.0717164143137436,48.1463277847231,32.556161982428,2.76460055124353,3.64552079466344,1.23076923076923,1,0.892270679503933,0.503281888485199,0.0947572813430642,8.68029322235804,0.606139869385763,0.265092183587709,7.4804778123432e-08,6.79159290183498e-08,0.071536002148659,0.225803761745113,0.142118008795725,0.147051634906108,5.31472583375431e-08,9.54772387280961e-08,0.104579882170099,0.303995371315405,0.546651333712691,0.35431728307001,"c1",-2212.2879079331
0.0970909669759225,4.63256018195266,3.26824638033104,2.68648016415936,3.2742848992496,3.849074891371,4.54580457166931,1.75897935577928,0.870334395491481,0.0753683574514201,0.0717164143137436,48.1463277847231,32.556161982428,2.76460055124353,3.64552079466344,1.23076923076923,1,0.892270679503933,0.503281888485199,0.0947572813430642,8.68029322235804,0.606139869385763,0.265092183587709,7.4804778123432e-08,6.79159290183498e-08,0.071536002148659,0.225803761745113,0.142118008795725,0.147051634906108,5.31472583375431e-08,9.54772387280961e-08,0.104579882170099,0.303995371315405,0.546651333712691,0.35431728307001,"c1",-2211.63519304473
0.0970909669759225,4.63256018195266,3.26824638033104,2.68648016415936,3.2742848992496,3.849074891371,4.54580457166931,1.75897935577928,0.870334395491481,0.0753683574514201,0.0717164143137436,48.1463277847231,32.556161982428,2.76460055124353,3.64552079466344,1.28205128205128,1,0.892270679503933,0.503281888485199,0.0947572813430642,8.68029322235804,0.606139869385763,0.265092183587709,7.4804778123432e-08,6.79159290183498e-08,0.071536002148659,0.225803761745113,0.142118008795725,0.147051634906108,5.31472583375431e-08,9.54772387280961e-08,0.104579882170099,0.303995371315405,0.546651333712691,0.35431728307001,"c1",-2209.77571832636
0.0970909669759225,4.63256018195266,3.26824638033104,2.68648016415936,3.2742848992496,3.849074891371,4.54580457166931,1.75897935577928,0.870334395491481,0.0753683574514201,0.0717164143137436,48.1463277847231,32.556161982428,2.76460055124353,3.64552079466344,1.28205128205128,1,0.892270679503933,0.503281888485199,0.0947572813430642,8.68029322235804,0.606139869385763,0.265092183587709,7.4804778123432e-08,6.79159290183498e-08,0.071536002148659,0.225803761745113,0.142118008795725,0.147051634906108,5.31472583375431e-08,9.54772387280961e-08,0.104579882170099,0.303995371315405,0.546651333712691,0.35431728307001,"c1",-2212.01019208416
0.0970909669759225,4.63256018195266,3.26824638033104,2.68648016415936,3.2742848992496,3.849074891371,4.54580457166931,1.75897935577928,0.870334395491481,0.0753683574514201,0.0717164143137436,48.1463277847231,32.556161982428,2.76460055124353,3.64552079466344,1.28205128205128,1,0.892270679503933,0.503281888485199,0.0947572813430642,8.68029322235804,0.606139869385763,0.265092183587709,7.4804778123432e-08,6.79159290183498e-08,0.071536002148659,0.225803761745113,0.142118008795725,0.147051634906108,5.31472583375431e-08,9.54772387280961e-08,0.104579882170099,0.303995371315405,0.546651333712691,0.35431728307001,"c1",-2212.65708937136
0.0970909669759225,4.63256018195266,3.26824638033104,2.68648016415936,3.2742848992496,3.849074891371,4.54580457166931,1.75897935577928,0.870334395491481,0.0753683574514201,0.0717164143137436,48.1463277847231,32.556161982428,2.76460055124353,3.64552079466344,1.33333333333333,1,0.892270679503933,0.503281888485199,0.0947572813430642,8.68029322235804,0.606139869385763,0.265092183587709,7.4804778123432e-08,6.79159290183498e-08,0.071536002148659,0.225803761745113,0.142118008795725,0.147051634906108,5.31472583375431e-08,9.54772387280961e-08,0.104579882170099,0.303995371315405,0.546651333712691,0.35431728307001,"c1",-2214.99462653209
0.0970909669759225,4.63256018195266,3.26824638033104,2.68648016415936,3.2742848992496,3.849074891371,4.54580457166931,1.75897935577928,0.870334395491481,0.0753683574514201,0.0717164143137436,48.1463277847231,32.556161982428,2.76460055124353,3.64552079466344,1.33333333333333,1,0.892270679503933,0.503281888485199,0.0947572813430642,8.68029322235804,0.606139869385763,0.265092183587709,7.4804778123432e-08,6.79159290183498e-08,0.071536002148659,0.225803761745113,0.142118008795725,0.147051634906108,5.31472583375431e-08,9.54772387280961e-08,0.104579882170099,0.303995371315405,0.546651333712691,0.35431728307001,"c1",-2213.49620568075
0.0970909669759225,4.63256018195266,3.26824638033104,2.68648016415936,3.2742848992496,3.849074891371,4.54580457166931,1.75897935577928,0.870334395491481,0.0753683574514201,0.0717164143137436,48.1463277847231,32.556161982428,2.76460055124353,3.64552079466344,1.33333333333333,1,0.892270679503933,0.503281888485199,0.0947572813430642,8.68029322235804,0.606139869385763,0.265092183587709,7.4804778123432e-08,6.79159290183498e-08,0.071536002148659,0.225803761745113,0.142118008795725,0.147051634906108,5.31472583375431e-08,9.54772387280961e-08,0.104579882170099,0.303995371315405,0.546651333712691,0.35431728307001,"c1",-2215.24830845825
0.0970909669759225,4.63256018195266,3.26824638033104,2.68648016415936,3.2742848992496,3.849074891371,4.54580457166931,1.75897935577928,0.870334395491481,0.0753683574514201,0.0717164143137436,48.1463277847231,32.556161982428,2.76460055124353,3.64552079466344,1.38461538461538,1,0.892270679503933,0.503281888485199,0.0947572813430642,8.68029322235804,0.606139869385763,0.265092183587709,7.4804778123432e-08,6.79159290183498e-08,0.071536002148659,0.225803761745113,0.142118008795725,0.147051634906108,5.31472583375431e-08,9.54772387280961e-08,0.104579882170099,0.303995371315405,0.546651333712691,0.35431728307001,"c1",-2211.91184618831
0.0970909669759225,4.63256018195266,3.26824638033104,2.68648016415936,3.2742848992496,3.849074891371,4.54580457166931,1.75897935577928,0.870334395491481,0.0753683574514201,0.0717164143137436,48.1463277847231,32.556161982428,2.76460055124353,3.64552079466344,1.38461538461538,1,0.892270679503933,0.503281888485199,0.0947572813430642,8.68029322235804,0.606139869385763,0.265092183587709,7.4804778123432e-08,6.79159290183498e-08,0.071536002148659,0.225803761745113,0.142118008795725,0.147051634906108,5.31472583375431e-08,9.54772387280961e-08,0.104579882170099,0.303995371315405,0.546651333712691,0.35431728307001,"c1",-2211.84513929083
0.0970909669759225,4.63256018195266,3.26824638033104,2.68648016415936,3.2742848992496,3.849074891371,4.54580457166931,1.75897935577928,0.870334395491481,0.0753683574514201,0.0717164143137436,48.1463277847231,32.556161982428,2.76460055124353,3.64552079466344,1.38461538461538,1,0.892270679503933,0.503281888485199,0.0947572813430642,8.68029322235804,0.606139869385763,0.265092183587709,7.4804778123432e-08,6.79159290183498e-08,0.071536002148659,0.225803761745113,0.142118008795725,0.147051634906108,5.31472583375431e-08,9.54772387280961e-08,0.104579882170099,0.303995371315405,0.546651333712691,0.35431728307001,"c1",-2216.99129569134
0.0970909669759225,4.63256018195266,3.26824638033104,2.68648016415936,3.2742848992496,3.849074891371,4.54580457166931,1.75897935577928,0.870334395491481,0.0753683574514201,0.0717164143137436,48.1463277847231,32.556161982428,2.76460055124353,3.64552079466344,1.43589743589744,1,0.892270679503933,0.503281888485199,0.0947572813430642,8.68029322235804,0.606139869385763,0.265092183587709,7.4804778123432e-08,6.79159290183498e-08,0.071536002148659,0.225803761745113,0.142118008795725,0.147051634906108,5.31472583375431e-08,9.54772387280961e-08,0.104579882170099,0.303995371315405,0.546651333712691,0.35431728307001,"c1",-2208.42223164243
0.0970909669759225,4.63256018195266,3.26824638033104,2.68648016415936,3.2742848992496,3.849074891371,4.54580457166931,1.75897935577928,0.870334395491481,0.0753683574514201,0.0717164143137436,48.1463277847231,32.556161982428,2.76460055124353,3.64552079466344,1.43589743589744,1,0.892270679503933,0.503281888485199,0.0947572813430642,8.68029322235804,0.606139869385763,0.265092183587709,7.4804778123432e-08,6.79159290183498e-08,0.071536002148659,0.225803761745113,0.142118008795725,0.147051634906108,5.31472583375431e-08,9.54772387280961e-08,0.104579882170099,0.303995371315405,0.546651333712691,0.35431728307001,"c1",-2216.32834101526
0.0970909669759225,4.63256018195266,3.26824638033104,2.68648016415936,3.2742848992496,3.849074891371,4.54580457166931,1.75897935577928,0.870334395491481,0.0753683574514201,0.0717164143137436,48.1463277847231,32.556161982428,2.76460055124353,3.64552079466344,1.43589743589744,1,0.892270679503933,0.503281888485199,0.0947572813430642,8.68029322235804,0.606139869385763,0.265092183587709,7.4804778123432e-08,6.79159290183498e-08,0.071536002148659,0.225803761745113,0.142118008795725,0.147051634906108,5.31472583375431e-08,9.54772387280961e-08,0.104579882170099,0.303995371315405,0.546651333712691,0.35431728307001,"c1",-2217.33340123763
0.0970909669759225,4.63256018195266,3.26824638033104,2.68648016415936,3.2742848992496,3.849074891371,4.54580457166931,1.75897935577928,0.870334395491481,0.0753683574514201,0.0717164143137436,48.1463277847231,32.556161982428,2.76460055124353,3.64552079466344,1.48717948717949,1,0.892270679503933,0.503281888485199,0.0947572813430642,8.68029322235804,0.606139869385763,0.265092183587709,7.4804778123432e-08,6.79159290183498e-08,0.071536002148659,0.225803761745113,0.142118008795725,0.147051634906108,5.31472583375431e-08,9.54772387280961e-08,0.104579882170099,0.303995371315405,0.546651333712691,0.35431728307001,"c1",-2219.68996567586
0.0970909669759225,4.63256018195266,3.26824638033104,2.68648016415936,3.2742848992496,3.849074891371,4.54580457166931,1.75897935577928,0.870334395491481,0.0753683574514201,0.0717164143137436,48.1463277847231,32.556161982428,2.76460055124353,3.64552079466344,1.48717948717949,1,0.892270679503933,0.503281888485199,0.0947572813430642,8.68029322235804,0.606139869385763,0.265092183587709,7.4804778123432e-08,6.79159290183498e-08,0.071536002148659,0.225803761745113,0.142118008795725,0.147051634906108,5.31472583375431e-08,9.54772387280961e-08,0.104579882170099,0.303995371315405,0.546651333712691,0.35431728307001,"c1",-2207.31310679747
0.0970909669759225,4.63256018195266,3.26824638033104,2.68648016415936,3.2742848992496,3.849074891371,4.54580457166931,1.75897935577928,0.870334395491481,0.0753683574514201,0.0717164143137436,48.1463277847231,32.556161982428,2.76460055124353,3.64552079466344,1.48717948717949,1,0.892270679503933,0.503281888485199,0.0947572813430642,8.68029322235804,0.606139869385763,0.265092183587709,7.4804778123432e-08,6.79159290183498e-08,0.071536002148659,0.225803761745113,0.142118008795725,0.147051634906108,5.31472583375431e-08,9.54772387280961e-08,0.104579882170099,0.303995371315405,0.546651333712691,0.35431728307001,"c1",-2205.33475879846
0.0970909669759225,4.63256018195266,3.26824638033104,2.68648016415936,3.2742848992496,3.849074891371,4.54580457166931,1.75897935577928,0.870334395491481,0.0753683574514201,0.0717164143137436,48.1463277847231,32.556161982428,2.76460055124353,3.64552079466344,1.53846153846154,1,0.892270679503933,0.503281888485199,0.0947572813430642,8.68029322235804,0.606139869385763,0.265092183587709,7.4804778123432e-08,6.79159290183498e-08,0.071536002148659,0.225803761745113,0.142118008795725,0.147051634906108,5.31472583375431e-08,9.54772387280961e-08,0.104579882170099,0.303995371315405,0.546651333712691,0.35431728307001,"c1",-2218.15226561384
0.0970909669759225,4.63256018195266,3.26824638033104,2.68648016415936,3.2742848992496,3.849074891371,4.54580457166931,1.75897935577928,0.870334395491481,0.0753683574514201,0.0717164143137436,48.1463277847231,32.556161982428,2.76460055124353,3.64552079466344,1.53846153846154,1,0.892270679503933,0.503281888485199,0.0947572813430642,8.68029322235804,0.606139869385763,0.265092183587709,7.4804778123432e-08,6.79159290183498e-08,0.071536002148659,0.225803761745113,0.142118008795725,0.147051634906108,5.31472583375431e-08,9.54772387280961e-08,0.104579882170099,0.303995371315405,0.546651333712691,0.35431728307001,"c1",-2214.29998374184
0.0970909669759225,4.63256018195266,3.26824638033104,2.68648016415936,3.2742848992496,3.849074891371,4.54580457166931,1.75897935577928,0.870334395491481,0.0753683574514201,0.0717164143137436,48.1463277847231,32.556161982428,2.76460055124353,3.64552079466344,1.53846153846154,1,0.892270679503933,0.503281888485199,0.0947572813430642,8.68029322235804,0.606139869385763,0.265092183587709,7.4804778123432e-08,6.79159290183498e-08,0.071536002148659,0.225803761745113,0.142118008795725,0.147051634906108,5.31472583375431e-08,9.54772387280961e-08,0.104579882170099,0.303995371315405,0.546651333712691,0.35431728307001,"c1",-2205.79239271309
0.0970909669759225,4.63256018195266,3.26824638033104,2.68648016415936,3.2742848992496,3.849074891371,4.54580457166931,1.75897935577928,0.870334395491481,0.0753683574514201,0.0717164143137436,48.1463277847231,32.556161982428,2.76460055124353,3.64552079466344,1.58974358974359,1,0.892270679503933,0.503281888485199,0.0947572813430642,8.68029322235804,0.606139869385763,0.265092183587709,7.4804778123432e-08,6.79159290183498e-08,0.071536002148659,0.225803761745113,0.142118008795725,0.147051634906108,5.31472583375431e-08,9.54772387280961e-08,0.104579882170099,0.303995371315405,0.546651333712691,0.35431728307001,"c1",-2216.15079324243
0.0970909669759225,4.63256018195266,3.26824638033104,2.68648016415936,3.2742848992496,3.849074891371,4.54580457166931,1.75897935577928,0.870334395491481,0.0753683574514201,0.0717164143137436,48.1463277847231,32.556161982428,2.76460055124353,3.64552079466344,1.58974358974359,1,0.892270679503933,0.503281888485199,0.0947572813430642,8.68029322235804,0.606139869385763,0.265092183587709,7.4804778123432e-08,6.79159290183498e-08,0.071536002148659,0.225803761745113,0.142118008795725,0.147051634906108,5.31472583375431e-08,9.54772387280961e-08,0.104579882170099,0.303995371315405,0.546651333712691,0.35431728307001,"c1",-2211.05026542628
0.0970909669759225,4.63256018195266,3.26824638033104,2.68648016415936,3.2742848992496,3.849074891371,4.54580457166931,1.75897935577928,0.870334395491481,0.0753683574514201,0.0717164143137436,48.1463277847231,32.556161982428,2.76460055124353,3.64552079466344,1.58974358974359,1,0.892270679503933,0.503281888485199,0.0947572813430642,8.68029322235804,0.606139869385763,0.265092183587709,7.4804778123432e-08,6.79159290183498e-08,0.071536002148659,0.225803761745113,0.142118008795725,0.147051634906108,5.31472583375431e-08,9.54772387280961e-08,0.104579882170099,0.303995371315405,0.546651333712691,0.35431728307001,"c1",-2205.26703426022
0.0970909669759225,4.63256018195266,3.26824638033104,2.68648016415936,3.2742848992496,3.849074891371,4.54580457166931,1.75897935577928,0.870334395491481,0.0753683574514201,0.0717164143137436,48.1463277847231,32.556161982428,2.76460055124353,3.64552079466344,1.64102564102564,1,0.892270679503933,0.503281888485199,0.0947572813430642,8.68029322235804,0.606139869385763,0.265092183587709,7.4804778123432e-08,6.79159290183498e-08,0.071536002148659,0.225803761745113,0.142118008795725,0.147051634906108,5.31472583375431e-08,9.54772387280961e-08,0.104579882170099,0.303995371315405,0.546651333712691,0.35431728307001,"c1",-2220.5226131547
0.0970909669759225,4.63256018195266,3.26824638033104,2.68648016415936,3.2742848992496,3.849074891371,4.54580457166931,1.75897935577928,0.870334395491481,0.0753683574514201,0.0717164143137436,48.1463277847231,32.556161982428,2.76460055124353,3.64552079466344,1.64102564102564,1,0.892270679503933,0.503281888485199,0.0947572813430642,8.68029322235804,0.606139869385763,0.265092183587709,7.4804778123432e-08,6.79159290183498e-08,0.071536002148659,0.225803761745113,0.142118008795725,0.147051634906108,5.31472583375431e-08,9.54772387280961e-08,0.104579882170099,0.303995371315405,0.546651333712691,0.35431728307001,"c1",-2222.82552434416
0.0970909669759225,4.63256018195266,3.26824638033104,2.68648016415936,3.2742848992496,3.849074891371,4.54580457166931,1.75897935577928,0.870334395491481,0.0753683574514201,0.0717164143137436,48.1463277847231,32.556161982428,2.76460055124353,3.64552079466344,1.64102564102564,1,0.892270679503933,0.503281888485199,0.0947572813430642,8.68029322235804,0.606139869385763,0.265092183587709,7.4804778123432e-08,6.79159290183498e-08,0.071536002148659,0.225803761745113,0.142118008795725,0.147051634906108,5.31472583375431e-08,9.54772387280961e-08,0.104579882170099,0.303995371315405,0.546651333712691,0.35431728307001,"c1",-2218.91871241973
0.0970909669759225,4.63256018195266,3.26824638033104,2.68648016415936,3.2742848992496,3.849074891371,4.54580457166931,1.75897935577928,0.870334395491481,0.0753683574514201,0.0717164143137436,48.1463277847231,32.556161982428,2.76460055124353,3.64552079466344,1.69230769230769,1,0.892270679503933,0.503281888485199,0.0947572813430642,8.68029322235804,0.606139869385763,0.265092183587709,7.4804778123432e-08,6.79159290183498e-08,0.071536002148659,0.225803761745113,0.142118008795725,0.147051634906108,5.31472583375431e-08,9.54772387280961e-08,0.104579882170099,0.303995371315405,0.546651333712691,0.35431728307001,"c1",-2221.14865983785
0.0970909669759225,4.63256018195266,3.26824638033104,2.68648016415936,3.2742848992496,3.849074891371,4.54580457166931,1.75897935577928,0.870334395491481,0.0753683574514201,0.0717164143137436,48.1463277847231,32.556161982428,2.76460055124353,3.64552079466344,1.69230769230769,1,0.892270679503933,0.503281888485199,0.0947572813430642,8.68029322235804,0.606139869385763,0.265092183587709,7.4804778123432e-08,6.79159290183498e-08,0.071536002148659,0.225803761745113,0.142118008795725,0.147051634906108,5.31472583375431e-08,9.54772387280961e-08,0.104579882170099,0.303995371315405,0.546651333712691,0.35431728307001,"c1",-2221.55013302829
0.0970909669759225,4.63256018195266,3.26824638033104,2.68648016415936,3.2742848992496,3.849074891371,4.54580457166931,1.75897935577928,0.870334395491481,0.0753683574514201,0.0717164143137436,48.1463277847231,32.556161982428,2.76460055124353,3.64552079466344,1.69230769230769,1,0.892270679503933,0.503281888485199,0.0947572813430642,8.68029322235804,0.606139869385763,0.265092183587709,7.4804778123432e-08,6.79159290183498e-08,0.071536002148659,0.225803761745113,0.142118008795725,0.147051634906108,5.31472583375431e-08,9.54772387280961e-08,0.104579882170099,0.303995371315405,0.546651333712691,0.35431728307001,"c1",-2207.42971388995
0.0970909669759225,4.63256018195266,3.26824638033104,2.68648016415936,3.2742848992496,3.849074891371,4.54580457166931,1.75897935577928,0.870334395491481,0.0753683574514201,0.0717164143137436,48.1463277847231,32.556161982428,2.76460055124353,3.64552079466344,1.74358974358974,1,0.892270679503933,0.503281888485199,0.0947572813430642,8.68029322235804,0.606139869385763,0.265092183587709,7.4804778123432e-08,6.79159290183498e-08,0.071536002148659,0.225803761745113,0.142118008795725,0.147051634906108,5.31472583375431e-08,9.54772387280961e-08,0.104579882170099,0.303995371315405,0.546651333712691,0.35431728307001,"c1",-2211.57760208343
0.0970909669759225,4.63256018195266,3.26824638033104,2.68648016415936,3.2742848992496,3.849074891371,4.54580457166931,1.75897935577928,0.870334395491481,0.0753683574514201,0.0717164143137436,48.1463277847231,32.556161982428,2.76460055124353,3.64552079466344,1.74358974358974,1,0.892270679503933,0.503281888485199,0.0947572813430642,8.68029322235804,0.606139869385763,0.265092183587709,7.4804778123432e-08,6.79159290183498e-08,0.071536002148659,0.225803761745113,0.142118008795725,0.147051634906108,5.31472583375431e-08,9.54772387280961e-08,0.104579882170099,0.303995371315405,0.546651333712691,0.35431728307001,"c1",-2219.30376732189
0.0970909669759225,4.63256018195266,3.26824638033104,2.68648016415936,3.2742848992496,3.849074891371,4.54580457166931,1.75897935577928,0.870334395491481,0.0753683574514201,0.0717164143137436,48.1463277847231,32.556161982428,2.76460055124353,3.64552079466344,1.74358974358974,1,0.892270679503933,0.503281888485199,0.0947572813430642,8.68029322235804,0.606139869385763,0.265092183587709,7.4804778123432e-08,6.79159290183498e-08,0.071536002148659,0.225803761745113,0.142118008795725,0.147051634906108,5.31472583375431e-08,9.54772387280961e-08,0.104579882170099,0.303995371315405,0.546651333712691,0.35431728307001,"c1",-2214.1519186042
0.0970909669759225,4.63256018195266,3.26824638033104,2.68648016415936,3.2742848992496,3.849074891371,4.54580457166931,1.75897935577928,0.870334395491481,0.0753683574514201,0.0717164143137436,48.1463277847231,32.556161982428,2.76460055124353,3.64552079466344,1.79487179487179,1,0.892270679503933,0.503281888485199,0.0947572813430642,8.68029322235804,0.606139869385763,0.265092183587709,7.4804778123432e-08,6.79159290183498e-08,0.071536002148659,0.225803761745113,0.142118008795725,0.147051634906108,5.31472583375431e-08,9.54772387280961e-08,0.104579882170099,0.303995371315405,0.546651333712691,0.35431728307001,"c1",-2218.03611300797
0.0970909669759225,4.63256018195266,3.26824638033104,2.68648016415936,3.2742848992496,3.849074891371,4.54580457166931,1.75897935577928,0.870334395491481,0.0753683574514201,0.0717164143137436,48.1463277847231,32.556161982428,2.76460055124353,3.64552079466344,1.79487179487179,1,0.892270679503933,0.503281888485199,0.0947572813430642,8.68029322235804,0.606139869385763,0.265092183587709,7.4804778123432e-08,6.79159290183498e-08,0.071536002148659,0.225803761745113,0.142118008795725,0.147051634906108,5.31472583375431e-08,9.54772387280961e-08,0.104579882170099,0.303995371315405,0.546651333712691,0.35431728307001,"c1",-2209.77212311101
0.0970909669759225,4.63256018195266,3.26824638033104,2.68648016415936,3.2742848992496,3.849074891371,4.54580457166931,1.75897935577928,0.870334395491481,0.0753683574514201,0.0717164143137436,48.1463277847231,32.556161982428,2.76460055124353,3.64552079466344,1.79487179487179,1,0.892270679503933,0.503281888485199,0.0947572813430642,8.68029322235804,0.606139869385763,0.265092183587709,7.4804778123432e-08,6.79159290183498e-08,0.071536002148659,0.225803761745113,0.142118008795725,0.147051634906108,5.31472583375431e-08,9.54772387280961e-08,0.104579882170099,0.303995371315405,0.546651333712691,0.35431728307001,"c1",-2218.7958702888
0.0970909669759225,4.63256018195266,3.26824638033104,2.68648016415936,3.2742848992496,3.849074891371,4.54580457166931,1.75897935577928,0.870334395491481,0.0753683574514201,0.0717164143137436,48.1463277847231,32.556161982428,2.76460055124353,3.64552079466344,1.84615384615385,1,0.892270679503933,0.503281888485199,0.0947572813430642,8.68029322235804,0.606139869385763,0.265092183587709,7.4804778123432e-08,6.79159290183498e-08,0.071536002148659,0.225803761745113,0.142118008795725,0.147051634906108,5.31472583375431e-08,9.54772387280961e-08,0.104579882170099,0.303995371315405,0.546651333712691,0.35431728307001,"c1",-2213.8229505711
0.0970909669759225,4.63256018195266,3.26824638033104,2.68648016415936,3.2742848992496,3.849074891371,4.54580457166931,1.75897935577928,0.870334395491481,0.0753683574514201,0.0717164143137436,48.1463277847231,32.556161982428,2.76460055124353,3.64552079466344,1.84615384615385,1,0.892270679503933,0.503281888485199,0.0947572813430642,8.68029322235804,0.606139869385763,0.265092183587709,7.4804778123432e-08,6.79159290183498e-08,0.071536002148659,0.225803761745113,0.142118008795725,0.147051634906108,5.31472583375431e-08,9.54772387280961e-08,0.104579882170099,0.303995371315405,0.546651333712691,0.35431728307001,"c1",-2220.44565629672
0.0970909669759225,4.63256018195266,3.26824638033104,2.68648016415936,3.2742848992496,3.849074891371,4.54580457166931,1.75897935577928,0.870334395491481,0.0753683574514201,0.0717164143137436,48.1463277847231,32.556161982428,2.76460055124353,3.64552079466344,1.84615384615385,1,0.892270679503933,0.503281888485199,0.0947572813430642,8.68029322235804,0.606139869385763,0.265092183587709,7.4804778123432e-08,6.79159290183498e-08,0.071536002148659,0.225803761745113,0.142118008795725,0.147051634906108,5.31472583375431e-08,9.54772387280961e-08,0.104579882170099,0.303995371315405,0.546651333712691,0.35431728307001,"c1",-2212.21316030589
0.0970909669759225,4.63256018195266,3.26824638033104,2.68648016415936,3.2742848992496,3.849074891371,4.54580457166931,1.75897935577928,0.870334395491481,0.0753683574514201,0.0717164143137436,48.1463277847231,32.556161982428,2.76460055124353,3.64552079466344,1.8974358974359,1,0.892270679503933,0.503281888485199,0.0947572813430642,8.68029322235804,0.606139869385763,0.265092183587709,7.4804778123432e-08,6.79159290183498e-08,0.071536002148659,0.225803761745113,0.142118008795725,0.147051634906108,5.31472583375431e-08,9.54772387280961e-08,0.104579882170099,0.303995371315405,0.546651333712691,0.35431728307001,"c1",-2219.48993195564
0.0970909669759225,4.63256018195266,3.26824638033104,2.68648016415936,3.2742848992496,3.849074891371,4.54580457166931,1.75897935577928,0.870334395491481,0.0753683574514201,0.0717164143137436,48.1463277847231,32.556161982428,2.76460055124353,3.64552079466344,1.8974358974359,1,0.892270679503933,0.503281888485199,0.0947572813430642,8.68029322235804,0.606139869385763,0.265092183587709,7.4804778123432e-08,6.79159290183498e-08,0.071536002148659,0.225803761745113,0.142118008795725,0.147051634906108,5.31472583375431e-08,9.54772387280961e-08,0.104579882170099,0.303995371315405,0.546651333712691,0.35431728307001,"c1",-2225.17281457234
0.0970909669759225,4.63256018195266,3.26824638033104,2.68648016415936,3.2742848992496,3.849074891371,4.54580457166931,1.75897935577928,0.870334395491481,0.0753683574514201,0.0717164143137436,48.1463277847231,32.556161982428,2.76460055124353,3.64552079466344,1.8974358974359,1,0.892270679503933,0.503281888485199,0.0947572813430642,8.68029322235804,0.606139869385763,0.265092183587709,7.4804778123432e-08,6.79159290183498e-08,0.071536002148659,0.225803761745113,0.142118008795725,0.147051634906108,5.31472583375431e-08,9.54772387280961e-08,0.104579882170099,0.303995371315405,0.546651333712691,0.35431728307001,"c1",-2221.3128961057
0.0970909669759225,4.63256018195266,3.26824638033104,2.68648016415936,3.2742848992496,3.849074891371,4.54580457166931,1.75897935577928,0.870334395491481,0.0753683574514201,0.0717164143137436,48.1463277847231,32.556161982428,2.76460055124353,3.64552079466344,1.94871794871795,1,0.892270679503933,0.503281888485199,0.0947572813430642,8.68029322235804,0.606139869385763,0.265092183587709,7.4804778123432e-08,6.79159290183498e-08,0.071536002148659,0.225803761745113,0.142118008795725,0.147051634906108,5.31472583375431e-08,9.54772387280961e-08,0.104579882170099,0.303995371315405,0.546651333712691,0.35431728307001,"c1",-2219.08444625823
0.0970909669759225,4.63256018195266,3.26824638033104,2.68648016415936,3.2742848992496,3.849074891371,4.54580457166931,1.75897935577928,0.870334395491481,0.0753683574514201,0.0717164143137436,48.1463277847231,32.556161982428,2.76460055124353,3.64552079466344,1.94871794871795,1,0.892270679503933,0.503281888485199,0.0947572813430642,8.68029322235804,0.606139869385763,0.265092183587709,7.4804778123432e-08,6.79159290183498e-08,0.071536002148659,0.225803761745113,0.142118008795725,0.147051634906108,5.31472583375431e-08,9.54772387280961e-08,0.104579882170099,0.303995371315405,0.546651333712691,0.35431728307001,"c1",-2210.45320050931
0.0970909669759225,4.63256018195266,3.26824638033104,2.68648016415936,3.2742848992496,3.849074891371,4.54580457166931,1.75897935577928,0.870334395491481,0.0753683574514201,0.0717164143137436,48.1463277847231,32.556161982428,2.76460055124353,3.64552079466344,1.94871794871795,1,0.892270679503933,0.503281888485199,0.0947572813430642,8.68029322235804,0.606139869385763,0.265092183587709,7.4804778123432e-08,6.79159290183498e-08,0.071536002148659,0.225803761745113,0.142118008795725,0.147051634906108,5.31472583375431e-08,9.54772387280961e-08,0.104579882170099,0.303995371315405,0.546651333712691,0.35431728307001,"c1",-2225.29885050755
0.0970909669759225,4.63256018195266,3.26824638033104,2.68648016415936,3.2742848992496,3.849074891371,4.54580457166931,1.75897935577928,0.870334395491481,0.0753683574514201,0.0717164143137436,48.1463277847231,32.556161982428,2.76460055124353,3.64552079466344,2,1,0.892270679503933,0.503281888485199,0.0947572813430642,8.68029322235804,0.606139869385763,0.265092183587709,7.4804778123432e-08,6.79159290183498e-08,0.071536002148659,0.225803761745113,0.142118008795725,0.147051634906108,5.31472583375431e-08,9.54772387280961e-08,0.104579882170099,0.303995371315405,0.546651333712691,0.35431728307001,"c1",-2218.29725315911
0.0970909669759225,4.63256018195266,3.26824638033104,2.68648016415936,3.2742848992496,3.849074891371,4.54580457166931,1.75897935577928,0.870334395491481,0.0753683574514201,0.0717164143137436,48.1463277847231,32.556161982428,2.76460055124353,3.64552079466344,2,1,0.892270679503933,0.503281888485199,0.0947572813430642,8.68029322235804,0.606139869385763,0.265092183587709,7.4804778123432e-08,6.79159290183498e-08,0.071536002148659,0.225803761745113,0.142118008795725,0.147051634906108,5.31472583375431e-08,9.54772387280961e-08,0.104579882170099,0.303995371315405,0.546651333712691,0.35431728307001,"c1",-2219.11058935909
0.0970909669759225,4.63256018195266,3.26824638033104,2.68648016415936,3.2742848992496,3.849074891371,4.54580457166931,1.75897935577928,0.870334395491481,0.0753683574514201,0.0717164143137436,48.1463277847231,32.556161982428,2.76460055124353,3.64552079466344,2,1,0.892270679503933,0.503281888485199,0.0947572813430642,8.68029322235804,0.606139869385763,0.265092183587709,7.4804778123432e-08,6.79159290183498e-08,0.071536002148659,0.225803761745113,0.142118008795725,0.147051634906108,5.31472583375431e-08,9.54772387280961e-08,0.104579882170099,0.303995371315405,0.546651333712691,0.35431728307001,"c1",-2217.53736135847
