month,pop,dpop,month1,month2,month3,month4,month5,month6,y11,y12,y13,y14,y15,y16,y21,y22,y23,y24,y25,H1N,H3N,B,AH
2002.75,288236467.741216,2540652.78603538,0.020833333333333,0,0,0.020833333333333,0.479166666666667,0.479166666666667,0.814523489334088,0.360569117061248,0.338005327053766,0.570199038068214,0.41957245952102,0.697350083193669,3.60443995963673,2.918,2.672,2.672,0.638630349909424,22405,2594,12746,
2002.83333333333,288447978.497781,2535974.58941308,0.166666666666439,0,0,1.56273850898388E-38,0.166666666666894,0.666666666666667,0.995331847347146,0.903049470670323,0.598054283770949,0.753584366401877,0.596167923420957,0.842997156737596,3.60443995963673,2.918,2.672,2.672,0.638630349909424,24726,23389,60812,
2002.91666666667,288659191.709104,2533511.70023782,0.479166666666951,0.02083333333339,0,0,0.020833333333277,0.479166666666382,1.15563600834032,1.30110352606553,0.806171434651902,0.90812934067894,0.74087159321365,0.96745082909182,3.60443995963673,2.918,2.672,2.672,0.638630349909424,352646,99763,1086939,
2003,288870291.984138,2533264.11850961,0.666666666666667,0.166666666666667,0,0,0,0.166666666666667,1.22374863544655,1.49878230680427,0.924943247104445,1.01057171787601,0.829043523237789,1.05218971519065,3.60443995963673,2.918,2.672,2.672,0.638630349909424,1579074,416561,2081463,
2003.08333333333,289081463.931839,2535231.84422846,0.479166666666951,0.479166666666382,0.020833333333277,0,0,0.02083333333339,1.18990246906138,1.49188951765466,0.952515865715804,1.0580889013934,0.860812357988179,1.09276636909672,3.60443995963673,2.918,2.672,2.672,0.638630349909424,3503630,1377527,3478253,
2003.16666666667,289292892.161161,2539414.87739436,0.166666666666439,0.666666666666667,0.166666666666894,1.56789984301514E-38,0,0,1.07814159064445,1.32809720909083,0.908243263377032,1.05682756729248,0.84827808605792,1.09098392814387,3.60443995963673,2.918,2.672,2.672,0.638630349909424,1848466,795018,1027212,
2003.25,289504761.281057,2545813.2180073,0.020833333333333,0.479166666666667,0.479166666666667,0.020833333333333,0,0,0.971175503189806,1.21079813375123,0.860751049263404,1.02837183600989,0.826657482432364,1.05957392374825,3.60443995963673,2.918,2.672,2.672,0.638630349909424,183088,235159,114139,
2003.33333333333,289717255.90048,2554426.86606729,1.56617813763129E-38,0.166666666666894,0.666666666666667,0.166666666666439,0,0,0.961218203964238,1.30001754458007,0.878354427853102,0.994992233879061,0.830404600061572,1.01290452322556,3.60443995963673,2.918,2.672,2.672,0.638630349909424,41381,40783,60570,
2003.41666666667,289930560.628386,2565255.82157436,0,0.020833333333277,0.479166666666382,0.479166666666951,0.02083333333339,0,1.11983624606359,1.42658999398148,0.97885534867623,0.966267466446288,0.86780581740284,0.960962043402668,3.60443995963673,2.918,2.672,2.672,0.638630349909424,17492,17804,38778,
2003.5,290144860.073727,2578300.08452845,0,0,0.166666666666667,0.666666666666667,0.166666666666667,0,1.46491492090263,1.3976087423031,1.15255068507266,0.947501170945333,0.935230657657274,0.91273944014818,3.60443995963673,2.918,2.672,2.672,0.638630349909424,0,33674,1617,
2003.58333333333,290360298.204649,2592096.58579689,0,0,0.02083333333339,0.479166666666951,0.479166666666383,0.020833333333277,1.8202619176689,1.25439258254409,1.33023026077771,0.939588532089656,1.00754889757089,0.877638075882789,3.60443995963673,2.918,2.672,2.672,0.638630349909424,4176,10471,0,
2003.66666666667,290576856.42606,2605182.25624703,1.56962280972157E-38,0,0,0.166666666666439,0.666666666666667,0.166666666666894,1.96116552497136,1.08788432886265,1.44376409198267,0.941004731361209,1.05924227985527,0.86195891997598,3.60443995963673,2.918,2.672,2.672,0.638630349909424,0,47654,1797,
2003.75,290794475.502057,2617557.09587879,0.020833333333333,0,0,0.020833333333333,0.479166666666667,0.479166666666667,1.75150304383662,0.95329734768009,1.48885001429347,0.944953389806508,1.08474015752489,0.859192963004641,3.60443995963673,2.918,2.672,0,0,0,2253850,7725,
2003.83333333333,291013096.196739,2629221.10469222,0.166666666666439,0,0,1.56273850898388E-38,0.166666666666894,0.666666666666667,1.40950782525129,0.882984067084189,1.48043316294596,0.945464422046595,1.08655665768545,0.861221331155877,3.60443995963673,2.918,2.672,0,0,5991,17401104,96935,
2003.91666666667,291232659.274205,2640174.28268734,0.479166666666951,0.02083333333339,0,0,0.020833333333277,0.479166666666382,1.18714615022352,0.853582609897265,1.446620052051,0.945144477431552,1.07959739340057,0.866295671880463,3.60443995963673,2.918,2.672,0,0,0,22160791,144950,
2004,291453105.498553,2650416.62986409,0.666666666666667,0.166666666666667,0,0,0,0.166666666666667,1.11695997024391,0.83758273636384,1.4168381669624,0.949563564190114,1.079396741238,0.875116968353995,3.60443995963673,2.918,2.672,0,0,0,2132617,24145,
2004.08333333333,291674375.633882,2659948.1462225,0.479166666666951,0.479166666666382,0.020833333333277,0,0,0.02083333333339,1.16610848727327,0.846595061668345,1.41263749903345,0.967568391334623,1.09161264579596,0.891813025400957,3.60443995963673,2.918,2.672,0,0,2326,288411,41344,
2004.16666666667,291896410.44429,2668768.8317626,0.166666666666439,0.666666666666667,0.166666666666894,1.56789984301514E-38,0,0,1.25964423512714,0.894727134039054,1.44480362030216,1.00708993979328,1.11741645064678,0.920283352730685,3.60443995963673,2.918,2.672,0,0,0,47137,41631,
2004.25,292119150.693875,2676878.68648434,0.020833333333333,0.479166666666667,0.479166666666667,0.020833333333333,0,0,1.31209308053269,0.966953378859901,1.48894191948298,1.06911957733395,1.14990952719728,0.960087457919335,3.60443995963673,2.918,2.672,0,0,4957,19076,46441,
2004.33333333333,292342537.146736,2684277.71038773,1.56617813763129E-38,0.166666666666894,0.666666666666667,0.166666666666439,0,0,1.25916655795545,1.04096494082581,1.51186273947601,1.15291376845088,1.18017575382472,1.00969984802193,3.60443995963673,2.918,2.672,0,0,5554,6633,33020,
2004.41666666667,292566510.566973,2690965.90347281,0,0.020833333333277,0.479166666666382,0.479166666666951,0.02083333333339,0,1.12131887262343,1.09445296463256,1.4803764231714,1.25772897764853,1.19929900890534,1.06759503009811,3.60443995963673,2.918,2.672,0,0,0,5466,15280,
2004.5,292791011.718681,2696943.26573953,0,0,0.166666666666667,0.666666666666667,0.166666666666667,0,0.940189897518599,1.11646097192645,1.3787783629347,1.37980836744519,1.20248350523439,1.13123565833933,3.60443995963673,2.918,2.672,0,0,0,0,12488,
2004.58333333333,293015997.135579,2702777.50340533,0,0,0.02083333333339,0.479166666666951,0.479166666666383,0.020833333333277,0.757419505574503,1.14144199225439,1.26130414897978,1.50334189260281,1.20141479331808,1.19403697556831,3.60443995963673,2.918,2.672,0,0,4724,16015,7443,
2004.66666666667,293241486.42985,2709036.32268764,1.56962280972157E-38,0,0,0.166666666666439,0.666666666666667,0.166666666666894,0.614647569723916,1.21520143213816,1.19967442098229,1.60950620593498,1.21189875808769,1.2484023717598,3.60443995963673,2.918,2.672,0,0,0,48523,18984,
2004.75,293467514.983294,2715719.72358643,0.020833333333333,0,0,0.020833333333333,0.479166666666667,0.479166666666667,0.544252716910686,1.35131800169773,1.23512964259819,1.68188072598523,1.24125477817923,1.28732819218316,3.60443995963673,2.918,2.475,2.475,0.591545702105473,0,146262,55212,
2004.83333333333,293694118.177714,2722827.70610172,0.166666666666439,0,0,1.56273850898388E-38,0.166666666666894,0.666666666666667,0.541568589864074,1.43446362556821,1.28698957328084,1.7136559344074,1.26285620706238,1.306182603383,3.60443995963673,2.918,2.475,2.475,0.591545702105473,0,331664,131419,
2004.91666666667,293921331.394912,2730360.27023352,0.479166666666951,0.02083333333339,0,0,0.020833333333277,0.479166666666382,0.585162069405296,1.36660578785355,1.27252264042129,1.70524254445966,1.25174414409948,1.3036923407468,3.60443995963673,2.918,2.475,2.475,0.591545702105473,5545,2422499,351889,
2005,294149190.016687,2738317.41598179,0.666666666666667,0.166666666666667,0,0,0,0.166666666666667,0.623577972755032,1.24780099615511,1.22271264731695,1.6763211328209,1.22357669741093,1.28964659381466,3.60443995963673,2.918,2.475,2.475,0.591545702105473,23028,8715269,1691369,
2005.08333333333,294377729.424842,2746699.14334656,0.479166666666951,0.479166666666382,0.020833333333277,0,0,0.02083333333339,0.616146262241814,1.19357508505155,1.1864841507389,1.64636254984809,1.20110197432425,1.2746930813753,3.60443995963673,2.918,2.475,2.475,0.591545702105473,22378,10109053,3162867,
2005.16666666667,294606985.001179,2755505.45232785,0.166666666666439,0.666666666666667,0.166666666666894,1.56789984301514E-38,0,0,0.595359544123407,1.18324217369463,1.17080934548313,1.6147288772042,1.19481107026282,1.26185118506385,3.60443995963673,2.918,2.475,2.475,0.591545702105473,12637,2569199,2090408,
2005.25,294836992.127497,2764736.34292561,0.020833333333333,0.479166666666667,0.479166666666667,0.020833333333333,0,0,0.599705178436061,1.16923156044079,1.17179857857382,1.57621337983388,1.21067461015249,1.25165068309856,3.60443995963673,2.918,2.475,2.475,0.591545702105473,2472,330782,562324,
2005.33333333333,295067786.1856,2774391.81513987,1.56617813763129E-38,0.166666666666894,0.666666666666667,0.166666666666439,0,0,0.618486896339603,1.13264497589898,1.18406716789657,1.5274428244433,1.24883834882226,1.24229127715886,3.60443995963673,2.918,2.475,2.475,0.591545702105473,0,138817,177989,
2005.41666666667,295299402.557288,2784471.86897065,0,0.020833333333277,0.479166666666382,0.479166666666951,0.02083333333339,0,0.628712521780321,1.06175225873318,1.2018566740591,1.46550235317694,1.30799182358784,1.23139014979086,3.60443995963673,2.918,2.475,2.475,0.591545702105473,8704,36541,50445,
2005.5,295531876.624362,2794976.5044179,0,0,0.166666666666667,0.666666666666667,0.166666666666667,0,0.613281712988664,0.951317664892744,1.2193205808837,1.3896262243701,1.38387397335593,1.21702244832455,3.60443995963673,2.918,2.475,2.475,0.591545702105473,0,4157,20240,
2005.58333333333,295765226.932859,2805299.63391558,0,0,0.02083333333339,0.479166666666951,0.479166666666383,0.020833333333277,0.578661465356309,0.822083119342004,1.23026006508512,1.30764516101107,1.46042134350535,1.19909517920678,3.60443995963673,2.918,2.475,2.475,0.591545702105473,13414,28465,2442,
2005.66666666667,295999404.685751,2814835.16989768,1.56962280972157E-38,0,0,0.166666666666439,0.666666666666667,0.166666666666894,0.53721060855661,0.701284964297866,1.22838822659647,1.22953900225446,1.51861988102731,1.177973313663,3.60443995963673,2.918,2.475,2.475,0.591545702105473,0,28697,4340,
2005.75,296234344.250244,2823583.11236414,0.020833333333333,0,0,0.020833333333333,0.479166666666667,0.479166666666667,0.501287972278635,0.61615954202086,1.20741816535195,1.16528758728272,1.53945553289249,1.15402182292628,3.60443995963673,4.58307533539732,4.1057985757884,4.1057985757884,0.981320202512485,0,117512,21111,
2005.83333333333,296469979.993546,2831543.46131498,0.166666666666439,0,0,1.56273850898388E-38,0.166666666666894,0.666666666666667,0.483252386195814,0.585083965162126,1.16695565164243,1.12252358804326,1.51387038110378,1.12866815191283,3.60443995963673,4.58307533539732,4.1057985757884,4.1057985757884,0.981320202512485,7561,318333,21714,
2005.91666666667,296706246.282866,2838716.21675023,0.479166666666951,0.02083333333339,0,0,0.020833333333277,0.479166666666382,0.487704171763763,0.590998428137129,1.13017713717872,1.09949100766665,1.47263104768538,1.10758964030083,3.60443995963673,4.58307533539732,4.1057985757884,4.1057985757884,0.981320202512485,11586,3321331,76701,
2006,296943077.485407,2845101.37866984,0.666666666666667,0.166666666666667,0,0,0,0.166666666666667,0.488209617538852,0.609681434867949,1.11726317056887,1.09130188505704,1.44688195892752,1.09614026541212,3.60443995963673,4.58307533539732,4.1057985757884,4.1057985757884,0.981320202512485,60485,4906608,199044,
2006.08333333333,297180407.968379,2850698.94707384,0.479166666666951,0.479166666666382,0.020833333333277,0,0,0.02083333333339,0.465913323971709,0.623701645581885,1.11284000651191,1.0899290710018,1.4294542180611,1.09413066034279,3.60443995963673,4.58307533539732,4.1057985757884,4.1057985757884,0.981320202512485,273121,5847563,1110954,
2006.16666666667,297418172.098989,2855508.92196224,0.166666666666439,0.666666666666667,0.166666666666894,1.56789984301514E-38,0,0,0.463307171972389,0.622008631556321,1.09485741352277,1.0876077356224,1.40486818126193,1.10058507785613,3.60443995963673,4.58307533539732,4.1057985757884,4.1057985757884,0.981320202512485,789811,3370032,2013160,
2006.25,297656304.244442,2859531.30333501,0.020833333333333,0.479166666666667,0.479166666666667,0.020833333333333,0,0,0.522824085975254,0.612285451968996,1.05011350927218,1.08076151447228,1.36271453953107,1.1169255935822,3.60443995963673,4.58307533539732,4.1057985757884,4.1057985757884,0.981320202512485,397418,501658,1219245,
2006.33333333333,297894738.771947,2862766.09119216,1.56617813763129E-38,0.166666666666894,0.666666666666667,0.166666666666439,0,0,0.625313884034702,0.603527896702339,0.971622240134726,1.06758750383663,1.29717138388775,1.14398076997054,3.60443995963673,4.58307533539732,4.1057985757884,4.1057985757884,0.981320202512485,224388,7586,462814,
2006.41666666667,298133410.04871,2865213.28553371,0,0.020833333333277,0.479166666666382,0.479166666666951,0.02083333333339,0,0.736230607627098,0.591249190560405,0.868412518155477,1.04918817749588,1.2156960706277,1.17780729387657,3.60443995963673,4.58307533539732,4.1057985757884,4.1057985757884,0.981320202512485,71719,2108,118485,
2006.5,298372252.441938,2866872.88635963,0,0,0.166666666666667,0.666666666666667,0.166666666666667,0,0.821028298187249,0.567591917082401,0.753516996838677,1.0273923536117,1.12906577239795,1.21326888324365,3.60443995963673,4.58307533539732,4.1057985757884,4.1057985757884,0.981320202512485,90744,28085,15535,
2006.58333333333,298611208.77945,2868049.47567036,0,0,0.02083333333339,0.479166666666951,0.479166666666383,0.020833333333277,0.84516099719256,0.524698659804339,0.639968329652167,1.0040288503394,1.04805766181657,1.24522925602722,3.60443995963673,4.58307533539732,4.1057985757884,4.1057985757884,0.981320202512485,96139,0,23394,
2006.66666666667,298850255.731508,2869047.63546631,1.56962280972157E-38,0,0,0.166666666666439,0.666666666666667,0.166666666666894,0.774082746091963,0.454712002253203,0.54079917006442,0.980926485833546,0.98344891150424,1.26855213018111,3.60443995963673,4.58307533539732,4.1057985757884,4.1057985757884,0.981320202512485,244915,0,14482,
2006.75,299089378.428986,2869867.36574748,0.020833333333333,0,0,0.020833333333333,0.479166666666667,0.479166666666667,0.60703346413565,0.367098063817719,0.472416154433016,0.961866452614365,0.945151532340267,1.28065068275085,3.22805247225025,5.05408163265306,5.22597137014315,5.22597137014315,1.24905087003411,346996,36315,132859,
2006.83333333333,299328562.002757,2870508.66651387,0.166666666666439,0,0,1.56273850898388E-38,0.166666666666894,0.666666666666667,0.478396581649138,0.340617107208396,0.46472185049539,0.958439440623531,0.939616888123869,1.28913592719022,3.22805247225025,5.05408163265306,5.22597137014315,5.22597137014315,1.24905087003411,504465,29104,165135,
2006.91666666667,299567791.583696,2870971.53776549,0.479166666666951,0.02083333333339,0,0,0.020833333333277,0.479166666666382,0.505123994146517,0.432065310560917,0.533074968487585,0.978475240027917,0.966977318424243,1.30145606433249,3.22805247225025,5.05408163265306,5.22597137014315,5.22597137014315,1.24905087003411,2394224,165630,609544,
2007,299807052.302676,2871255.97950232,0.666666666666667,0.166666666666667,0,0,0,0.166666666666667,0.599297946728203,0.541088370234304,0.621162857095576,1.00695054443137,1.00554971287957,1.31421020813179,3.22805247225025,5.05408163265306,5.22597137014315,5.22597137014315,1.24905087003411,3421892,919279,573242,
2007.08333333333,300046329.290571,2871361.99172438,0.479166666666951,0.479166666666382,0.020833333333277,0,0,0.02083333333339,0.646178146075804,0.562716568188839,0.670008923976405,1.02584152457654,1.03302882275422,1.32126981491463,3.22805247225025,5.05408163265306,5.22597137014315,5.22597137014315,1.24905087003411,5639558,2383426,2012438,
2007.16666666667,300285607.678255,2871289.57443165,0.166666666666439,0.666666666666667,0.166666666666894,1.56789984301514E-38,0,0,0.628603795525921,0.53066901035103,0.681652174074409,1.02797535628124,1.046436295692,1.31644479734969,3.22805247225025,5.05408163265306,5.22597137014315,5.22597137014315,1.24905087003411,1272397,2114745,1512699,
2007.25,300524872.596601,2871038.72762415,0.020833333333333,0.479166666666667,0.479166666666667,0.020833333333333,0,0,0.561476004108844,0.50004710250286,0.670775395218963,1.0085998294249,1.04816448779125,1.2940662261764,3.22805247225025,5.05408163265306,5.22597137014315,5.22597137014315,1.24905087003411,239779,1120741,486700,
2007.33333333333,300764109.176483,2870609.45130187,1.56617813763129E-38,0.166666666666894,0.666666666666667,0.166666666666439,0,0,0.490364006930486,0.47279262578359,0.64162090949607,0.961794185058726,1.04276169260878,1.25061134806377,3.22805247225025,5.05408163265306,5.22597137014315,5.22597137014315,1.24905087003411,41039,274131,113988,
2007.41666666667,301003302.548776,2870001.74546481,0,0.020833333333277,0.479166666666382,0.479166666666951,0.02083333333339,0,0.460342165357761,0.448541637083745,0.600466543324909,0.887239594850339,1.03515240868824,1.1870384565587,3.22805247225025,5.05408163265306,5.22597137014315,5.22597137014315,1.24905087003411,9835,70789,27784,
2007.5,301242437.844352,2869215.61011297,0,0,0.166666666666667,0.666666666666667,0.166666666666667,0,0.483837219738781,0.470866920934626,0.572172606253627,0.808193501837234,1.02961001708321,1.12008385684802,3.22805247225025,5.05408163265306,5.22597137014315,5.22597137014315,1.24905087003411,78219,84960,19870,
2007.58333333333,301481487.813554,2867805.34612657,0,0,0.02083333333339,0.479166666666951,0.479166666666383,0.020833333333277,0.565114005151022,0.567118323299497,0.576040262097498,0.748421316763359,1.02852470693018,1.06691886528121,3.22805247225025,5.05408163265306,5.22597137014315,5.22597137014315,1.24905087003411,149508,22303,22674,
2007.66666666667,301720375.684602,2865325.25438583,1.56962280972157E-38,0,0,0.166666666666439,0.666666666666667,0.166666666666894,0.690786426904542,0.65581720830794,0.590551608701919,0.710144049973274,1.02740501720289,1.0306768313403,3.22805247225025,5.05408163265306,5.22597137014315,5.22597137014315,1.24905087003411,274495,28714,31965,
2007.75,301959012.305181,2861775.33489076,0.020833333333333,0,0,0.020833333333333,0.479166666666667,0.479166666666667,0.776864671102274,0.658099348653821,0.591107422855072,0.689487701251265,1.02152633126628,1.00992430162193,6.075,6.054,6.441,6.441,1.53945287566115,238340,21843,22815,
2007.83333333333,302197308.522979,2857155.58764136,0.166666666666439,0,0,1.56273850898388E-38,0.166666666666894,0.666666666666667,0.754928845982944,0.61438663332401,0.581602263130248,0.679742628481405,1.01211306021337,0.998998577991114,6.075,6.054,6.441,6.441,1.53945287566115,419250,89996,47748,
2007.91666666667,302435175.185684,2851466.0126376,0.479166666666951,0.02083333333339,0,0,0.020833333333277,0.479166666666382,0.689442467252144,0.581255210183694,0.571388161558434,0.674344125360353,1.00174834819151,0.992027608970501,6.075,6.054,6.441,6.441,1.53945287566115,1080953,474906,318185,
2008,302672523.140982,2844706.60987952,0.666666666666667,0.166666666666667,0,0,0,0.166666666666667,0.655269616861093,0.560612146435877,0.56315326223931,0.670142870701817,0.992501243846066,0.986531174415169,6.075,6.054,6.441,6.441,1.53945287566115,2765837,4979914,1537158,
2008.08333333333,302909263.236559,2836877.37936711,0.479166666666951,0.479166666666382,0.020833333333277,0,0,0.02083333333339,0.635993234099858,0.542783134575765,0.55709230402738,0.664758426338783,0.985058828918539,0.980834718825492,6.075,6.054,6.441,6.441,1.53945287566115,2897266,12477396,4918470,
2008.16666666667,303145306.320105,2827978.32110034,0.166666666666439,0.666666666666667,0.166666666666894,1.56789984301514E-38,0,0,0.60025027342597,0.52643744898918,0.550090292746704,0.655470501072567,0.975094413055858,0.973094513962425,6.075,6.054,6.441,6.441,1.53945287566115,478470,4122588,3782993,
2008.25,303380563.239305,2818009.43507925,0.020833333333333,0.479166666666667,0.479166666666667,0.020833333333333,0,0,0.548174892603565,0.509288768016104,0.538025451251883,0.639381600025012,0.954154308652376,0.961780863696303,6.075,6.054,6.441,6.441,1.53945287566115,33891,315919,706195,
2008.33333333333,303614944.841847,2806970.72130383,1.56617813763129E-38,0.166666666666894,0.666666666666667,0.166666666666439,0,0,0.487339549595552,0.476884803897032,0.516058603539293,0.613225266615074,0.902290611170399,0.946789373060955,6.075,6.054,6.441,6.441,1.53945287566115,2313,64829,93555,
2008.41666666667,303848361.975419,2794862.17977405,0,0.020833333333277,0.479166666666382,0.479166666666951,0.02083333333339,0,0.423572699911641,0.42324744621378,0.484505343784105,0.57674889498108,0.808646302841964,0.929287015126,6.075,6.054,6.441,6.441,1.53945287566115,4290,22883,31891,
2008.5,304080725.487705,2781683.81048995,0,0,0.166666666666667,0.666666666666667,0.166666666666667,0,0.36505846397721,0.388461260047555,0.465017745757839,0.542124243868195,0.710222129991621,0.914100933950163,6.075,6.054,6.441,6.441,1.53945287566115,4357,18259,14832,
2008.58333333333,304311960.818226,2767960.91934621,0,0,0.02083333333339,0.479166666666951,0.479166666666383,0.020833333333277,0.331147624214362,0.409677147512991,0.476294430038519,0.52105280654051,0.646342540364865,0.905249749110826,6.075,6.054,6.441,6.441,1.53945287566115,19767,1407,10837,
2008.66666666667,304542051.77382,2754218.81223747,1.56962280972157E-38,0,0,0.166666666666439,0.666666666666667,0.166666666666894,0.343982628562635,0.466248683487654,0.503883724907617,0.510930649803885,0.617769023486806,0.899857811305482,6.075,6.054,6.441,6.441,1.53945287566115,36415,22227,16220,
2008.75,304770996.753155,2740457.48916381,0.020833333333333,0,0,0.020833333333333,0.479166666666667,0.479166666666667,0.406878496453266,0.521054641976565,0.525647018457842,0.505434295714746,0.612995860663921,0.893735567476381,,,,,,107109,18404,32329,
2008.83333333333,304998794.154903,2726676.95012518,0.166666666666439,0,0,1.56273850898388E-38,0.166666666666894,0.666666666666667,0.447840533307311,0.528871920862483,0.521848230389482,0.497667513779317,0.610011458514716,0.884332118418782,,,,,,266251,17507,69662,
2008.91666666667,305225442.377733,2712877.19512156,0.479166666666951,0.02083333333339,0,0,0.020833333333277,0.479166666666382,0.407310493842401,0.465521614814279,0.484266641582972,0.484517350536505,0.592366641465364,0.871640982323891,,,,,,654447,118774,160200,
2009,305450939.820314,2699058.22415301,0.666666666666667,0.166666666666667,0,0,0,0.166666666666667,0.350785644022057,0.399103481881223,0.448340446093539,0.478576713207744,0.576367779847362,0.864194693120125,,,,,,2488286,359195,564562,
2009.08333333333,305675284.881315,2685220.0372195,0.479166666666951,0.479166666666382,0.020833333333277,0,0,0.02083333333339,0.35737739597638,0.401184006663545,0.452396356439255,0.493962595074876,0.582896693585943,0.870301043183932,,,,,,6297395,519802,3138648,
2009.16666666667,305898475.959407,2671362.634321,0.166666666666439,0.666666666666667,0.166666666666894,1.56789984301514E-38,0,0,0.435598235371543,0.464917916741683,0.502656245908758,0.535182473016818,0.618381455123117,0.888829842977829,,,,,,3231025,517283,3653191,
2009.25,306120511.453258,2657486.01545756,0.020833333333333,0.479166666666667,0.479166666666667,0.020833333333333,0,0,0.56991463938154,0.564976276269772,0.593327401070958,0.601376766326948,0.680652538412295,0.91412857872127,,,,,,973727,466189,713095,
2009.33333333333,306341389.761539,2643590.18062917,1.56617813763129E-38,0.166666666666894,0.666666666666667,0.166666666666439,0,0,0.719207977842107,0.680507252862565,0.702663600953726,0.679827180443495,0.747603771009471,0.931893421615546,,,,,,6464584,861142,201102,
2009.41666666667,306561109.28292,2629675.12983578,0,0.020833333333277,0.479166666666382,0.479166666666951,0.02083333333339,0,0.845075078265075,0.791026668789728,0.805731915920021,0.755502997360159,0.796395221180647,0.929948598461464,,,,,,7523891,303329,14688,
2009.5,306779668.416069,2615740.86307746,0,0,0.166666666666667,0.666666666666667,0.166666666666667,0,0.945559706155373,0.873043861432214,0.880806089161709,0.815982519113528,0.82118856641603,0.913281873496021,,,,,,4432671,50125,6898,
2009.58333333333,306997056.552848,2601463.13527244,0,0,0.02083333333339,0.479166666666951,0.479166666666383,0.020833333333277,1.02781736157207,0.917464687039393,0.91653569425533,0.853798616148677,0.824493493190611,0.891532279852849,,,,,,6638593,44825,13580,
2009.66666666667,307213227.057888,2586517.70133893,1.56962280972157E-38,0,0,0.166666666666439,0.666666666666667,0.166666666666894,1.09907497908392,0.975787562011531,0.939866953284056,0.878693412355132,0.825210114597414,0.875780388817985,,,,,,14589114,20882,31665,
2009.75,307428124.289012,2570904.561277,0.020833333333333,0,0,0.020833333333333,0.479166666666667,0.479166666666667,1.1668452313085,1.08637263647131,0.976237706229509,0.901141697971983,0.839607103164795,0.873933092699602,,,,,,31983948,7725,68023,
2009.83333333333,307641692.604042,2554623.71508662,0.166666666666439,0,0,1.56273850898388E-38,0.166666666666894,0.666666666666667,1.23340121735637,1.17443443535834,1.00675561617702,0.917339675222118,0.857036942530872,0.879761029709274,,,,,,15599637,5539,61044,
2009.91666666667,307853876.360801,2537675.16276775,0.479166666666951,0.02083333333339,0,0,0.020833333333277,0.479166666666382,1.27977200413209,1.16381259740241,1.0093335047355,0.922273040358137,0.864222961044981,0.885329693500479,,,,,,1823077,5669,31369,
2010,308064619.917111,2520058.90432047,0.666666666666667,0.166666666666667,0,0,0,0.166666666666667,1.28167565047362,1.08599284174769,0.993435004526884,0.920364053788485,0.864288054786005,0.890020253569874,,,,,,1443424,6831,29172,
2010.08333333333,308273867.630795,2501774.93974474,0.479166666666951,0.479166666666382,0.020833333333277,0,0,0.02083333333339,1.22648508298659,0.999372407635058,0.976411450926787,0.918394116962438,0.864455011768058,0.895042798377295,,,,,,1247741,752,19081,
2010.16666666667,308481563.859676,2482823.26904051,0.166666666666439,0.666666666666667,0.166666666666894,1.56789984301514E-38,0,0,1.14819269925033,0.962348534301288,0.975614179310285,0.923144631329245,0.871946620005297,0.901607416382734,,,,,,1071157,2546,27917,
2010.25,308687652.961576,2463203.89220787,0.020833333333333,0.479166666666667,0.479166666666667,0.020833333333333,0,0,1.09244576462314,1.00602887639389,1.00048738236474,0.938804464775392,0.890514780661243,0.909540212918401,,,,,,214300,5277,23391,
2010.33333333333,308892079.294318,2442916.80924679,1.56617813763129E-38,0.166666666666894,0.666666666666667,0.166666666666439,0,0,1.0870679462024,1.05236275012637,1.02884668202197,0.959192350943465,0.910027847508796,0.913131360816789,,,,,,52376,8761,17323,
2010.41666666667,309094787.215725,2421962.0201572,0,0.020833333333277,0.479166666666382,0.479166666666951,0.02083333333339,0,1.08858851817516,1.03173701423285,1.04055586349581,0.977642768410854,0.921065164031564,0.9079616583281,,,,,,9080,15133,10219,
2010.5,309295721.083618,2400339.52493921,0,0,0.166666666666667,0.666666666666667,0.166666666666667,0,1.05361941574378,1.01744703594391,1.05529993587012,0.995923309724321,0.930933579942752,0.900310337884542,,,,,,11586,47344,16108,
2010.58333333333,309494858.686871,2379252.8413777,0,0,0.02083333333339,0.479166666666951,0.479166666666383,0.020833333333277,1.01039761111461,1.08729409181484,1.09352769542618,1.01629972251443,0.947541424655852,0.897183738158301,,,,,,50171,96966,34327,
2010.66666666667,309692311.538555,2359905.48725755,1.56962280972157E-38,0,0,0.166666666666439,0.666666666666667,0.166666666666894,1.00506633574564,1.19419458728929,1.1389218633575,1.03459726074591,0.964475440140125,0.897798188611618,,,,,,25246,145677,34477,
2010.75,309888224.582788,2342297.46257886,0.020833333333333,0,0,0.020833333333333,0.479166666666667,0.479166666666667,1.0629597997234,1.26788471599578,1.16904163196164,1.04585364071834,0.973461085540015,0.899587156875895,1.38578571801135,0.973114493932165,0.774075209259576,,,95025,370267,249347,
2010.83333333333,310082742.763691,2326428.76734157,0.166666666666439,0,0,1.56273850898388E-38,0.166666666666894,0.666666666666667,1.12617612762963,1.27026469564619,1.17371815313233,1.04839692176971,0.973100276178088,0.900642672472145,1.28315234748875,0.940554971775534,0.760724339758915,,,131426,888070,862595,
2010.91666666667,310276011.025385,2312299.40154566,0.479166666666951,0.02083333333339,0,0,0.020833333333277,0.479166666666382,1.132743401379,1.19000906550213,1.15139133881634,1.04264697242548,0.965194645304518,0.899970909109344,1.2261826292178,0.920203001340312,0.755270958978514,,,663645,4100106,2288172,
2011,310468174.311989,2299909.3651912,0.666666666666667,0.166666666666667,0,0,0,0.166666666666667,1.08764561771206,1.0907256271204,1.12266418164176,1.03410055494603,0.957468241725774,0.899576055359671,1.24584342234863,0.918750674567824,0.758442144930574,,,5259961,8609889,3785272,
2011.08333333333,310659377.567623,2289258.65827814,0.479166666666951,0.479166666666382,0.020833333333277,0,0,0.02083333333339,1.01263476799261,1.03795361420234,1.10842373869637,1.02857322774858,0.957333983047896,0.90160652073813,1.32436599363607,0.920393921448512,0.756650370317147,,,5973997,6571741,4015070,
2011.16666666667,310849765.736409,2280347.28080647,0.166666666666439,0.666666666666667,0.166666666666894,1.56789984301514E-38,0,0,0.929578907224676,1.0300247269052,1.10853024427467,1.02807884015551,0.965037846537965,0.90578958367059,1.31745623128909,0.857330311074933,0.707543319531737,,,1729156,2350570,1568363,
2011.25,311039483.762465,2273175.23277623,0.020833333333333,0.479166666666667,0.479166666666667,0.020833333333333,0,0,0.860640363484631,1.046929874627,1.11401452465583,1.0315343868942,0.976417388485589,0.910198802897376,1.22486886370935,0.752697866779608,0.634535852761721,,,185109,469688,458287,
2011.33333333333,311228676.589911,2267742.5141874,1.56617813763129E-38,0.166666666666894,0.666666666666667,0.166666666666439,0,0,0.82904249332887,1.06250433727934,1.10161659685735,1.02927115340736,0.97684342162678,0.908713989514397,1.09102897877697,0.656501763956988,0.576442428547161,,,37708,63959,69653,
2011.41666666667,311417489.162869,2264049.12503997,0,0.020833333333277,0.479166666666382,0.479166666666951,0.02083333333339,0,0.850871088423553,1.05768070778813,1.05378441572642,1.01267076501909,0.954432335803449,0.896158153865326,0.951435563154331,0.61534640561596,0.555853634547012,,,15486,3964,10989,
2011.5,311606066.425458,2262095.06533396,0,0,0.166666666666667,0.666666666666667,0.166666666666667,0,0.912600652290055,1.04793646061688,0.99008849673709,0.985901915879867,0.918749572864241,0.875320850945985,0.838548545860279,0.674986001682169,0.591304090705285,,,8051,23345,18883,
2011.58333333333,311794524.610915,2260846.74327623,0,0,0.02083333333339,0.479166666666951,0.479166666666383,0.020833333333277,0.99330286642324,1.05738529060943,0.939379995497251,0.956330067339264,0.884722837648894,0.85098327190965,0.784612513888823,0.852086145174457,0.686875435332926,,,13466,48281,15999,
2011.66666666667,311982865.108945,2259270.56707366,1.56962280972157E-38,0,0,0.166666666666439,0.666666666666667,0.166666666666894,1.07204941232688,1.09809611498769,0.921774210228555,0.930107492482603,0.863522670323801,0.827600620293968,0.821872054261642,1.0469579616046,0.788837380269737,,,3904,81092,24951,
2011.75,312171060.598368,2257366.53672625,0.020833333333333,0,0,0.020833333333333,0.479166666666667,0.479166666666667,1.12793317418313,1.13395874044695,0.922443009598041,0.908533711354202,0.851290952370192,0.808324149189426,0.982571753983841,1.16281331709712,0.849235280982616,,,9133,117728,51336,
2011.83333333333,312359083.758006,2255134.65223399,0.166666666666439,0,0,1.56273850898388E-38,0.166666666666894,0.666666666666667,1.14013184703329,1.12734877436527,0.920862111338825,0.891463301629058,0.841432800391386,0.795204795405324,1.24516062348309,1.23082150815369,0.901028994137188,,,13879,166317,64987,
2011.91666666667,312546907.266681,2252574.91359688,0.479166666666951,0.02083333333339,0,0,0.020833333333277,0.479166666666382,1.10129466565914,1.08276413727884,0.908666059030674,0.87782382459478,0.831434930202478,0.787196181118402,1.42314254223657,1.29861844849517,0.982238745764221,,,32165,557244,88814,
2012,312734503.803213,2249687.32081494,0.666666666666667,0.166666666666667,0,0,0,0.166666666666667,1.05787221305943,1.02108035244194,0.884901587140901,0.867551675765384,0.821588393648934,0.783294549529811,1.47717451452664,1.35174909046463,1.07021173817544,,,375390,1290630,123375,
2012.08333333333,312921846.046423,2246471.87388816,0.479166666666951,0.479166666666382,0.020833333333277,0,0,0.02083333333339,1.05562560501701,0.986561040722544,0.866105367820716,0.86554560392685,0.819319987470907,0.785763942560522,1.43006440566261,1.37343991967563,1.13535111689673,,,1401336,3034875,280101,
2012.16666666667,313108906.675134,2242928.57281653,0.166666666666439,0.666666666666667,0.166666666666894,1.56789984301514E-38,0,0,1.08375674032875,1.01069406779592,0.869702067175643,0.876286500918746,0.83140340182393,0.796838288699942,1.35227482330749,1.38944121900789,1.17842280001009,,,1947132,4558835,639329,
2012.25,313295658.368167,2239057.41760006,0.020833333333333,0.479166666666667,0.479166666666667,0.020833333333333,0,0,1.11922117775437,1.05047618088802,0.899178389428155,0.8976214774984,0.854864155608168,0.815363263972018,1.28235704232501,1.3975343566961,1.19828080924606,,,729845,2556417,1149487,
2012.33333333333,313482073.804341,2234858.40823875,1.56617813763129E-38,0.166666666666894,0.666666666666667,0.166666666666439,0,0,1.14654833296059,1.06221492218884,0.956029087810973,0.925967789014814,0.885218156321758,0.839574023432604,1.15500865175174,1.39966696764421,1.19218536694592,,,102001,833254,1069370,
2012.41666666667,313668125.66248,2230331.54473259,0,0.020833333333277,0.479166666666382,0.479166666666951,0.02083333333339,0,1.15897269228587,1.07395213213633,1.04771907349334,0.958657050251088,0.921691037093046,0.868651890714664,1.14688777394344,1.43214924827313,1.16304523551446,,,22525,367135,752207,
2012.5,313853786.621404,2225476.82708159,0,0,0.166666666666667,0.666666666666667,0.166666666666667,0,1.17697516786133,1.12271024308894,1.17229445125103,0.992121661733297,0.962119236332968,0.900411421343145,1.40691923137208,1.45184818528012,1.12225997084625,,,17089,461791,372249,
2012.58333333333,314039051.882551,2221105.06948997,0,0,0.02083333333339,0.479166666666951,0.479166666666383,0.020833333333277,1.22784827826904,1.20969975684746,1.28415594252806,1.018282807588,0.99507268802195,0.92625392988897,1.68730909516859,1.41153487698322,1.08149537432499,,,25647,452041,156470,
2012.66666666667,314224006.737826,2218027.08616193,1.56962280972157E-38,0,0,0.166666666666439,0.666666666666667,0.166666666666894,1.31975524576412,1.31630314633062,1.34040569985191,1.03033706776515,1.01029058068927,0.938807072239679,1.73393109753032,1.341499641532,1.04593166030815,,,26616,301893,283336,
2012.75,314408759.001752,2216242.87709749,0.020833333333333,0,0,0.020833333333333,0.479166666666667,0.479166666666667,1.38434210721815,1.38040269939787,1.3525969834506,1.03109382192823,1.01145562551131,0.942017110519633,1.66404836620831,1.29503089522976,1.02305300654216,,,19294,613348,428360,7.45509344122881
2012.83333333333,314593416.48885,2215752.44229664,0.166666666666439,0,0,1.56273850898388E-38,0.166666666666894,0.666666666666667,1.35362226773947,1.35274659043821,1.34633355869504,1.02607717104709,1.0063058327683,0.942264093976821,1.63925157111187,1.31552156862933,1.02501320237729,,,46758,2930603,1129971,5.02034557772692
2012.91666666667,314778087.013642,2216555.78175939,0.479166666666951,0.02083333333339,0,0,0.020833333333277,0.479166666666382,1.23759579054355,1.27904672477649,1.34897010372082,1.02205730157973,1.00485688647974,0.944344614093801,1.63323644696938,1.35250825194547,1.0237640816442,,,401195,19018474,4181773,4.53943360327413
2013,314962878.39065,2218652.89548572,0.666666666666667,0.166666666666667,0,0,0,0.166666666666667,1.07194848346343,1.2191356334129,1.37908634330399,1.02451975346161,1.01444852035848,0.951180012717826,1.59591608893223,1.34865980199827,0.991440237188612,,,575671,12287850,3232251,4.1635250739805
2013.08333333333,315147898.434397,2222043.78347564,0.479166666666951,0.479166666666382,0.020833333333277,0,0,0.02083333333339,0.917122474439622,1.19436461893023,1.41841127600573,1.03256539503821,1.02943899314368,0.959774090921052,1.50765566114467,1.31664877563546,0.945034613582477,,,397031,3577560,3550274,4.08197255950799
2013.16666666667,315333254.959404,2226728.44572917,0.166666666666439,0.666666666666667,0.166666666666894,1.56789984301514E-38,0,0,0.828086633670603,1.20196370086951,1.43890997863864,1.04579345607382,1.04174392951115,0.966636340935143,1.4458914365506,1.28625254877547,0.909422365268319,,,288598,1239964,3834944,4.44455158355228
2013.25,315519055.780192,2232706.88224628,0.020833333333333,0.479166666666667,0.479166666666667,0.020833333333333,0,0,0.81316048025421,1.18115899494913,1.41034256722167,1.07218128358021,1.04648989284403,0.972216560400235,1.45922721336006,1.27840380728229,0.901549935178728,,,139426,279410,935787,6.21293497802115
2013.33333333333,315705408.711285,2239979.09302697,1.56617813763129E-38,0.166666666666894,0.666666666666667,0.166666666666439,0,0,0.85142443747152,1.08043067848796,1.32042895085686,1.12069924285376,1.04336291471279,0.978935429702922,1.41743968882262,1.28459806559661,0.956634590984762,,,73252,125309,415452,8.95818899936028
2013.41666666667,315892421.567204,2248545.07807128,0,0.020833333333277,0.479166666666382,0.479166666666951,0.02083333333339,0,0.851651896614306,0.943279078969442,1.23093317170545,1.19591165507381,1.04707596070546,0.99315685479681,1.27150093587674,1.29112649171009,1.09300215634312,,,188888,94697,226334,12.3331347557994
2013.5,316080202.162471,2258404.83737916,0,0,0.166666666666667,0.666666666666667,0.166666666666667,0,0.739171379594346,0.828952645835327,1.20244460320981,1.29423376560799,1.06918215427886,1.0183263045323,1.03216776293058,1.2925039332822,1.23980947589022,,,140396,105842,53889,13.9589117427547
2013.58333333333,316268833.569968,2268667.67191459,0,0,0.02083333333339,0.479166666666951,0.479166666666383,0.020833333333277,0.575838962833195,0.764672165909252,1.21680981068035,1.38389056083948,1.09356831634872,1.04227227380517,0.815040292339199,1.28608020437587,1.32363624967321,,,228508,47925,36531,13.5120863059867
2013.66666666667,316458299.896018,2278442.88264159,1.56962280972157E-38,0,0,0.166666666666439,0.666666666666667,0.166666666666894,0.457642611364234,0.760143988094171,1.24068241682698,1.43509853890523,1.10243025110643,1.05298205151057,0.714528676372403,1.27075669344327,1.34821725297254,,,473945,90811,77381,11.5106598224924
2013.75,316648560.505303,2287730.46956008,0.020833333333333,0,0,0.020833333333333,0.479166666666667,0.479166666666667,0.455464395840787,0.787044372100372,1.25868708198002,1.45423050396543,1.09886599838246,1.05469507649922,0.63543987297418,1.23995538926707,1.33018106057317,,,433523,142016,82887,8.23832474216399
2013.83333333333,316839574.762505,2296530.43267011,0.166666666666439,0,0,1.56273850898388E-38,0.166666666666894,0.666666666666667,0.539762809162119,0.814965770623037,1.26288326269014,1.45555300982725,1.09063693305609,1.05468389584404,0.492210745180063,1.18978771397086,1.28528253787324,,,1696097,128305,134671,5.26740219186839
2013.91666666667,317031302.032309,2304842.77197169,0.479166666666951,0.02083333333339,0,0,0.020833333333277,0.479166666666382,0.661758065645556,0.843195497497205,1.25709856271832,1.448751302763,1.08325553454497,1.05610133953191,0.392418387759008,1.13369556419244,1.23212442122406,,,13433786,318228,283863,4.1057599991419
2014,317223701.679395,2312667.48746477,0.666666666666667,0.166666666666667,0,0,0,0.166666666666667,0.796140842798034,0.876660108811116,1.2490932606697,1.44131236119642,1.08096742332196,1.06057880538326,0.36074026681483,1.0906320614015,1.1882266946045,,,9856739,398192,375939,3.39526427646206
2014.08333333333,317416733.068447,2320004.57914938,0.479166666666951,0.479166666666382,0.020833333333277,0,0,0.02083333333339,0.91942923728095,0.913148268580785,1.2505901872978,1.43651139966609,1.08519967952526,1.06778167963906,0.38310219894467,1.07522461019191,1.16741896864096,,,3750209,384973,639105,3.70970736736446
2014.16666666667,317610355.564147,2326854.04702555,0.166666666666439,0.666666666666667,0.166666666666894,1.56789984301514E-38,0,0,0.99198055895559,0.945943107290495,1.2661451550392,1.43434844022649,1.09756082944848,1.07659320532956,0.430353735295545,1.08354056782333,1.17068372878168,,,1205988,833531,1552591,4.42117802760548
2014.25,317804528.531179,2333215.89109322,0.020833333333333,0.479166666666667,0.479166666666667,0.020833333333333,0,0,0.988365908099684,0.957443513366946,1.26768335089562,1.42593449887743,1.12320372432153,1.08473406421436,0.479313742677553,1.0991915794066,1.19017730844752,,,159730,922727,1490587,6.37736613392109
2014.33333333333,317999211.334224,2339090.11135242,1.56617813763129E-38,0.166666666666894,0.666666666666667,0.166666666666439,0,0,0.956172333581974,0.934709519520914,1.22588036543885,1.402437060308,1.16692730749529,1.09016359538331,0.536491766343999,1.07754254036245,1.19874207271132,,,32666,655303,934649,9.03109495125161
2014.41666666667,318194363.337965,2344476.70780317,0,0.020833333333277,0.479166666666382,0.479166666666951,0.02083333333339,0,0.951009376396081,0.89432997757929,1.13904402889952,1.36413849001306,1.22857056585819,1.09295832850043,0.581084334477121,0.978206851947797,1.17618007417192,,,14449,498793,546606,12.1777573024884
2014.5,318389943.907085,2349375.68044543,0,0,0.166666666666667,0.666666666666667,0.166666666666667,0,0.987560597520007,0.863492247925087,1.02426096393792,1.31627271391014,1.30300643655523,1.09375489716637,0.58836692925492,0.783868573090128,1.1133526966951,,,8278,260292,188451,13.2311575165989
2014.58333333333,318585908.579181,2353649.254212,0,0,0.02083333333339,0.479166666666951,0.479166666666383,0.020833333333277,1.07027806292335,0.882248905957934,0.946100723097845,1.2747650187258,1.37020361433961,1.09331316015748,0.554982248046033,0.557430187061884,1.03278459091694,,,22259,258399,130676,13.6735559619221
2014.66666666667,318782197.583511,2357159.65403565,1.56962280972157E-38,0,0,0.166666666666439,0.666666666666667,0.166666666666894,1.18912038705013,0.971765225029795,0.955954361770111,1.25324186652318,1.41120850782528,1.09209196441243,0.482914791994564,0.381848783220247,0.964916224161616,,,8019,308177,143080,11.7071296428513
2014.75,318978747.322245,2359906.87991638,0.020833333333333,0,0,0.020833333333333,0.479166666666667,0.479166666666667,1.27607237812614,1.06479205516066,1.00501601675702,1.2454430598867,1.42628262348172,1.08922288434762,0.384839274156235,0.312700734446508,0.931044925309377,,,14646,646989,226573,8.34504566497258
2014.83333333333,319175494.197554,2361890.93185418,0.166666666666439,0,0,1.56273850898388E-38,0.166666666666894,0.666666666666667,1.27052340463387,1.0914475042943,1.03349048902457,1.2413756616138,1.42138509883209,1.08383745025562,0.316191255098914,0.306484261126088,0.918947638756695,,,30859,5050796,359716,4.97436905386361
2014.91666666667,319372374.611611,2363111.80984907,0.479166666666951,0.02083333333339,0,0,0.020833333333277,0.479166666666382,1.1994548820343,1.05973313520025,1.03782215474921,1.2360024348723,1.40605049767535,1.07639428845653,0.328262337844482,0.334095722082338,0.919466848120401,,,27316,18427374,609885,5.15897740135886
2015,319569324.966586,2363569.51390103,0.666666666666667,0.166666666666667,0,0,0,0.166666666666667,1.10812608060914,1.00074417524478,1.02887772729361,1.22646585183908,1.39009316443486,1.06801822325238,0.402013927849861,0.373901215600886,0.925024798940704,,,23029,11623671,767948,3.67472434769546
2015.08333333333,319766281.664651,2363264.04401006,0.479166666666951,0.479166666666382,0.020833333333277,0,0,0.02083333333339,1.02731564276803,0.960067055266822,1.01897369355808,1.2136715203516,1.3808711397149,1.06117177483064,0.459599181991327,0.392366942929777,0.922154106777274,,,29972,4716538,1421516,3.33470488577197
2015.16666666667,319963181.107978,2362195.40017618,0.166666666666439,0.666666666666667,0.166666666666894,1.56789984301514E-38,0,0,0.972657607317113,0.965235825101531,1.01499813093807,1.19722038660213,1.37960920225724,1.0589690394417,0.447027552935781,0.377066317049395,0.90193687235526,,,16651,1359466,2882205,5.03461800772821
2015.25,320159959.698738,2360363.58239938,0.020833333333333,0.479166666666667,0.479166666666667,0.020833333333333,0,0,0.913688226509942,0.957083807066021,1.00067570528267,1.16773161455351,1.36545538716094,1.06579272169658,0.449707755666789,0.389088001848406,0.869543214020011,,,20516,174239,1323535,6.74775698443432
2015.33333333333,320356553.839102,2357768.59067965,1.56617813763129E-38,0.166666666666894,0.666666666666667,0.166666666666439,0,0,0.816369162408054,0.877047643969215,0.961042841867509,1.11756024933171,1.31881297908276,1.0858441615242,0.539791433851213,0.422348874821416,0.796166930605406,,,5180,92289,685917,9.65770071912865
2015.41666666667,320552899.931242,2354410.425017,0,0.020833333333277,0.479166666666382,0.479166666666951,0.02083333333339,0,0.678461502927624,0.755677988052615,0.909546415213265,1.05498664296134,1.24718300453487,1.12133063177728,0.626805569506686,0.454791292402287,0.663949670184976,,,3696,150990,146503,12.6939543871686
2015.5,320748934.377329,2350289.08541143,0,0,0.166666666666667,0.666666666666667,0.166666666666667,0,0.514902487006694,0.645644478381866,0.865851687978542,0.992710586558333,1.16712599067815,1.17018953562388,0.691381801186727,0.491713499130453,0.538822690074958,,,5687,108361,53016,14.0024690360689
2015.58333333333,320944586.658506,2345155.41484226,0,0,0.02083333333339,0.479166666666951,0.479166666666383,0.020833333333277,0.377534531553683,0.598978691634317,0.846087026023554,0.945184320582667,1.10434272526856,1.21527286464,0.743954653336954,0.54310404466811,0.488765437274308,,,10372,189969,47276,13.0782662290571
2015.66666666667,321139758.571803,2338760.25628877,1.56962280972157E-38,0,0,0.166666666666439,0.666666666666667,0.166666666666894,0.327426347996872,0.644866341641655,0.85856197867668,0.922276311943475,1.07861164909636,1.24032104624262,0.794958650397351,0.610356811015638,0.506160508552188,,,7511,196769,73873,11.5417023059172
2015.75,321334344.993221,2331103.60975101,0.020833333333333,0,0,0.020833333333333,0.479166666666667,0.479166666666667,0.40243659405111,0.721747753080047,0.883847725875341,0.913767483963906,1.07688155444961,1.24771366281516,0.846234016863962,0.688543931876641,0.562741931129508,,,23751,144709,26166,8.18442267460181
2015.83333333333,321528240.798762,2322185.47522896,0.166666666666439,0,0,1.56273850898388E-38,0.166666666666894,0.666666666666667,0.547583712483204,0.768831940921254,0.900781847397719,0.906978893504932,1.08078479373357,1.24392477476395,0.86758927769356,0.756045215555599,0.623246304333287,,,96241,199547,43975,6.08088718803109
2015.91666666667,321721340.864426,2312005.85272259,0.479166666666951,0.02083333333339,0,0,0.020833333333277,0.479166666666382,0.709064865259146,0.819148070377978,0.909005891747974,0.899479675205494,1.08351760837191,1.23316719957,0.829620658504049,0.789811487188077,0.656804586566776,,,369296,178459,49963,5.36356142777
2016,321913540.066216,2300564.74223196,0.666666666666667,0.166666666666667,0,0,0,0.166666666666667,0.930632305874017,0.913631680422962,0.912670625225658,0.891869256229784,1.0824779918681,1.21895921107904,0.728577749211865,0.784827525181124,0.660530680078534,,,1451788,414274,210381,3.88228402313887
2016.08333333333,322104733.280132,2287862.14375703,0.479166666666951,0.479166666666382,0.020833333333277,0,0,0.02083333333339,1.23643082945814,1.03102365490542,0.913159716598126,0.886620156054882,1.08030705703791,1.20430215149349,0.637378610161316,0.767052448202661,0.651314521837022,,,5231811,935818,680343,4.35171617211582
2016.16666666667,322294815.382176,2273898.05729777,0.166666666666439,0.666666666666667,0.166666666666894,1.56789984301514E-38,0,0,1.47462030590234,1.1306477409234,0.912085144947195,0.886577425262923,1.07993856526985,1.19185650467727,0.585997221443212,0.761300492087651,0.646524359166479,,,5801116,951167,853332,5.69644420012762
2016.25,322483681.248349,2258672.48285426,0.020833333333333,0.479166666666667,0.479166666666667,0.020833333333333,0,0,1.50386737550626,1.15635379365118,0.914739228154097,0.89420314653561,1.08023375293427,1.18343625278521,0.571447246838437,0.759576119311051,0.651809362180812,,,1735666,631880,724877,6.66788227596792
2016.33333333333,322671225.754652,2242185.42042646,1.56617813763129E-38,0.166666666666894,0.666666666666667,0.166666666666439,0,0,1.40085068591892,1.07968243766942,0.92305030567755,0.909790622167399,1.07727674996713,1.17885724680626,0.542889387248216,0.73783085474265,0.672525205464464,,,342351,472392,435318,9.12374740603648
2016.41666666667,322857343.777087,2224436.87001431,0,0.020833333333277,0.479166666666382,0.479166666666951,0.02083333333339,0,1.2803688157423,0.99841126687993,0.921810464490166,0.925341000808231,1.06011578558176,1.17078931479814,0.5040324456067,0.664106763545435,0.718405784676314,,,38673,131596,69326,12.1109821516319
2016.5,323041930.191655,2205426.83161792,0,0,0.166666666666667,0.666666666666667,0.166666666666667,0,1.19168806039066,1.0092611733527,0.89862384134284,0.932782356907731,1.02220741411671,1.15295215052586,0.479795322028274,0.592565486082376,0.777153773085138,,,5574,84513,10894,14.2004954215293
2016.58333333333,323224912.226741,2186319.99106634,0,0,0.02083333333339,0.479166666666951,0.479166666666383,0.020833333333277,1.16769164442405,1.07848927230149,0.869479024587347,0.932042621791471,0.981677391102648,1.1304109335036,0.508991873011291,0.586813354926639,0.834976962915168,,,17805,102152,10400,14.1918106172585
2016.66666666667,323406346.520268,2168281.03418862,1.56962280972157E-38,0,0,0.166666666666439,0.666666666666667,0.166666666666894,1.2197702966134,1.14585262184938,0.851604312617167,0.925390622726377,0.956893333522541,1.10998005786388,0.633909694180285,0.654265402203441,0.896771118297479,,,16663,192570,21864,11.749637650196
2016.75,323586322.062541,2151309.96098485,0.020833333333333,0,0,0.020833333333333,0.479166666666667,0.479166666666667,1.27334476245241,1.17557182847223,0.838802392408173,0.916458913890489,0.942521102984189,1.0941252904755,0.826937196903609,0.755720546264802,0.95668714242581,,,30515,293576,7361,8.53252668415742
2016.83333333333,323764927.843867,2135406.771455,0.166666666666439,0,0,1.56273850898388E-38,0.166666666666894,0.666666666666667,1.26172782328968,1.15229352387639,0.823583597977707,0.908829859899324,0.930169427138419,1.08395125624743,0.864991968120936,0.767111468505385,0.966566058232131,,,22341,596772,32249,6.09146760468968
2016.91666666667,323942252.854553,2120571.46559901,0.479166666666951,0.02083333333339,0,0,0.020833333333277,0.479166666666382,1.23577038704242,1.11790489219033,0.81671446295787,0.904521340220128,0.922920253228482,1.07946663955276,0.79159606004155,0.713430231823778,0.940262175883616,,,72991,3116836,36847,4.08499778308952
2017,324118386.084903,2106804.04341697,0.666666666666667,0.166666666666667,0,0,0,0.166666666666667,1.25785600218129,1.11389620760354,0.829278045498732,0.90452835192771,0.924911341305222,1.07999003208751,0.735934077585314,0.669582805441376,0.913959006111813,,,218909,10013882,135709,4.28765143824526
2017.08333333333,324293416.525224,2094104.50490884,0.479166666666951,0.479166666666382,0.020833333333277,0,0,0.02083333333339,1.31896065274256,1.1229295520339,0.855367302194618,0.907318847668074,0.933030483047108,1.08317559537083,0.793036878437343,0.698337557248878,0.920940461895352,,,385905,12927348,471233,4.81146215487704
2017.16666666667,324467433.165823,2082472.85007458,0.166666666666439,0.666666666666667,0.166666666666894,1.56789984301514E-38,0,0,1.38930865030193,1.12012246168539,0.885939601637969,0.910362125190516,0.942322881148227,1.08513739383435,0.898270727049786,0.746307618513166,0.938317086248359,,,242015,6549443,1043554,4.98970965520983
2017.25,324640524.997005,2071909.07891427,0.020833333333333,0.479166666666667,0.479166666666667,0.020833333333333,0,0,1.42752518093721,1.10924248214907,0.916400061932569,0.909659907079209,0.947713350721381,1.07749353373029,0.973185885953593,0.75284084963524,0.935522322505053,,,101076,2195400,874194,7.28763080980239
2017.33333333333,324812781.009077,2062413.19142786,1.56617813763129E-38,0.166666666666894,0.666666666666667,0.166666666666439,0,0,1.40658280602452,1.10199067938092,0.944283606568363,0.901187914536589,0.944535355189549,1.05309591147112,1.02343179223382,0.748886253061056,0.910426250559643,,,31757,484810,222213,8.97940511031518
2017.41666666667,324984290.192345,2053985.18761534,0,0.020833333333277,0.479166666666382,0.479166666666951,0.02083333333339,0,1.36844271347438,1.11315219141947,0.971196631013283,0.88228543839241,0.92987733877522,1.01422754227565,0.993789983316902,0.779225630900709,0.86686327813917,,,36414,244210,72826,11.9885662630253
2017.5,325155141.537115,2046625.06747675,0,0,0.166666666666667,0.666666666666667,0.166666666666667,0,1.35946402246479,1.1545340473019,0.998825197501866,0.852747473707397,0.903990357423667,0.967155607134596,0.842288374581761,0.851327015242096,0.81460428156342,,,40758,170562,32752,14.2642458525235
2017.58333333333,325325415.186041,2040014.31552839,0,0,0.02083333333339,0.479166666666951,0.479166666666383,0.020833333333277,1.37460895060667,1.2229467679972,1.02510256340311,0.820828262801258,0.878020933141226,0.924652831241734,0.667292599324972,0.959415645755448,0.804338480888919,,,25551,138815,17007,13.3844356144208
2017.66666666667,325495155.891168,2033834.41628656,1.56962280972157E-38,0,0,0.166666666666439,0.666666666666667,0.166666666666894,1.39599049013082,1.30306236555215,1.0455560934311,0.794623633924934,0.862028717276933,0.897414912762935,0.602252720323038,1.09187374843006,0.876972588681613,,,16911,228044,15506,11.2775827871899
2017.75,325664399.556886,2028085.36975131,0.020833333333333,0,0,0.020833333333333,0.479166666666667,0.479166666666667,1.40317432269574,1.34599532432759,1.04984238655336,0.773136511802821,0.850830412491368,0.881323897538356,0.718129547714034,1.21788680100695,0.992220112397758,,,55335,526568,25535,8.13698658220012
2017.83333333333,325833182.08759,2022767.1759226,0.166666666666439,0,0,1.56273850898388E-38,0.166666666666894,0.666666666666667,1.36553688771585,1.31491821249349,1.03128914718383,0.754261031679026,0.837094824251269,0.869516123036921,0.869744617877724,1.30710230350068,1.09632716414355,,,140064,1495272,51808,5.71603213778367
2017.91666666667,326001539.387671,2017879.83480043,0.479166666666951,0.02083333333339,0,0,0.020833333333277,0.479166666666382,1.27528868755848,1.25479346095911,1.00377926721998,0.740549074451168,0.820142117962658,0.858958745618398,0.984701162307557,1.35411449161578,1.16757031572999,,,1288002,13792465,504429,4.02600530231514
2018,326169507.361521,2013423.34638483,0.666666666666667,0.166666666666667,0,0,0,0.166666666666667,1.22616571875128,1.21887522940849,0.982805305164238,0.734901577957575,0.801470063237873,0.847900860683788,1.03922325904342,1.37438640473853,1.20988438937418,,,3287132,19127604,1551379,3.84131402535582
2018.08333333333,326337121.913532,2009397.71067578,0.479166666666951,0.479166666666382,0.020833333333277,0,0,0.02083333333339,1.28789786113337,1.21179472973607,0.9697432983928,0.7369579621237,0.784635486544858,0.835888500893455,1.06507569442394,1.38520375965495,1.23163689192734,,,3644067,11936266,2310031,4.89513113598295
2018.16666666667,326504418.948098,2005802.92767327,0.166666666666439,0.666666666666667,0.166666666666894,1.56789984301514E-38,0,0,1.33266503384309,1.22087263015407,0.963989962981397,0.74668611376932,0.774074756127,0.823832287217555,1.09413944303924,1.3955353882553,1.24009872412537,,,1402301,2732212,1340755,5.04139160010135
2018.25,326671434.369609,2002638.99737732,0.020833333333333,0.479166666666667,0.479166666666667,0.020833333333333,0,0,1.24721036553695,1.21281037187191,0.971141250908817,0.768629305180444,0.775683350466994,0.816804256607051,1.14422087151782,1.38810536885282,1.23292451565379,,,961715,1126749,635516,5.9648513459092
2018.33333333333,326838204.082458,1999905.91978793,1.56617813763129E-38,0.166666666666894,0.666666666666667,0.166666666666439,0,0,1.17407978378888,1.17680808936553,0.996912813972056,0.807359505784232,0.792753586534759,0.81890440470726,1.19333825631304,1.2887209314492,1.18972570733026,,,207056,155443,99671,10.5408516477857
2018.41666666667,327004763.991037,1997603.69490508,0,0.020833333333277,0.479166666666382,0.479166666666951,0.02083333333339,0,1.2680900402789,1.21267991715998,1.04129986736021,0.862988088100092,0.816706025037189,0.826183145986766,1.21640067724345,1.15800489804681,1.15807277732181,,,63634,68492,18672,12.7191141774669
2018.5,327171149.999739,1995732.32272878,0,0,0.166666666666667,0.666666666666667,0.166666666666667,0,1.47733838413902,1.39057990415291,1.0994376019919,0.930731706219436,0.837165692978344,0.832594759157279,1.20388424612985,1.08537623107068,1.18543311661671,,,64217,41462,5981,14.1998062346285
2018.58333333333,327337393.947954,1994145.46320258,0,0,0.02083333333339,0.479166666666951,0.479166666666383,0.020833333333277,1.69824218890968,1.55140775672708,1.15274154840108,0.990688737537494,0.848447238865873,0.831758561097971,1.2012395218725,1.09886838219968,1.24577577343976,,,57650,57737,2766,14.1217309977097
2018.66666666667,327503511.415068,1992696.77626999,1.56962280972157E-38,0,0,0.166666666666439,0.666666666666667,0.166666666666894,1.85505787003382,1.54995601154933,1.1876977907543,1.0252289324594,0.848715752236838,0.818297188297735,1.26766067514786,1.14520987121175,1.3105020712266,,,205649,125654,4910,12.4852077747516
2018.75,327669513.915461,1991386.26193102,0.020833333333333,0,0,0.020833333333333,0.479166666666667,0.479166666666667,1.9833980104572,1.52584286897009,1.22479428814072,1.04092581014661,0.84684846526493,0.791181517537583,1.40396410573059,1.166494447518,1.35703096479674,,,299647,101975,10192,8.48847336429291
2018.83333333333,327835412.963517,1990213.92018568,0.166666666666439,0,0,1.56273850898388E-38,0.166666666666894,0.666666666666667,2.12449996163624,1.63102252968714,1.28396461278252,1.04874452074064,0.851619170874874,0.752124217826186,1.44195997136303,1.15663257037265,1.3699912830186,,,751968,177723,6827,5.23811693022857
2018.91666666667,328001220.073619,1989179.75103395,0.479166666666951,0.02083333333339,0,0,0.020833333333277,0.479166666666382,2.23074398129357,1.78196753218211,1.34892291446229,1.05301296948205,0.860675762362628,0.709456886807997,1.41310002477079,1.12878978237555,1.34652389110932,,,5104413,1197700,34466,4.57041016786028
2019,328166946.76015,1988283.75447585,0.666666666666667,0.166666666666667,0,0,0,0.166666666666667,2.24509814465085,1.86303815622179,1.39762668894618,1.0565418950432,0.870049102708901,0.673359488061962,1.39999587196991,1.11247436888588,1.31903851908644,,,6483448,2165977,51557,4.01092788112976
2019.08333333333,328332604.537493,1987525.93051137,0.479166666666951,0.479166666666382,0.020833333333277,0,0,0.02083333333339,2.16173889085025,1.86562730925885,1.42122623850034,1.0627106147255,0.880427833281179,0.654786520185923,1.42306559259274,1.10805199775568,1.30037683828973,,,8586340,7669705,175664,4.3289572708664
2019.16666666667,328498204.92003,1986906.27914051,0.166666666666439,0.666666666666667,0.166666666666894,1.56789984301514E-38,0,0,2.00579179643684,1.81113156515197,1.41808742185654,1.07482638301268,0.895174636904821,0.663377858774322,1.45412798375211,1.1070897536289,1.29409386246232,,,4598798,8283343,433101,4.95628255291661
2019.25,328663759.422144,1986424.80036328,0.020833333333333,0.479166666666667,0.479166666666667,0.020833333333333,0,0,1.87497062390116,1.73392953589517,1.40224551717531,1.09533962448103,0.923690583843056,0.702740352337492,1.44616971591695,1.10140391169855,1.29687560147903,,,493701,1372394,172543,7.04259522646144
2019.33333333333,328829279.558218,1986081.49417966,1.56617813763129E-38,0.166666666666894,0.666666666666667,0.166666666666439,0,0,1.82766167314244,1.67281148793593,1.39125347137729,1.12410928654382,0.972416702205889,0.770582619696343,1.35381433342279,1.10875071820687,1.3080134052141,,,189033,405274,69854,9.72193693900337
2019.41666666667,328994776.842635,1985876.36058967,0,0.020833333333277,0.479166666666382,0.479166666666951,0.02083333333339,0,1.69235320805413,1.671232267514,1.4010654870061,1.15148523785245,1.02991546403816,0.847053387998486,1.28851117173488,1.21264022733441,1.33678211005836,,,111857,241088,39341,12.0529231657795
2019.5,329160262.789777,1985809.39959329,0,0,0.166666666666667,0.666666666666667,0.166666666666667,0,1.31475162131539,1.7519084746563,1.44078204929974,1.16797175176267,1.08239528341879,0.912310222388221,1.37128397246722,1.37143262372543,1.36755163389487,,,58859,157058,7171,14.3039330845587
2019.58333333333,329325746.90641,1985809.39959329,0,0,0.02083333333339,0.479166666666951,0.479166666666383,0.020833333333277,0.839333856566474,1.84993914474682,1.49368751866825,1.17419979926322,1.12452689874176,0.964105931823762,1.5946097574827,1.5199617369776,1.38468660411594,,,77507,185727,15038,13.8146903350828
2019.66666666667,329491231.023043,1985809.39959329,1.56962280972157E-38,0,0,0.166666666666439,0.666666666666667,0.166666666666894,0.485269495172164,1.87851892201153,1.53661222431846,1.17333202574439,1.1530966294703,1.00459213620473,1.91882886877168,1.64998351925727,1.40175799556994,,,118868,373833,21457,12.3223509108611
